Rk,Player,Nation,Pos,Squad,Age,Born,MP,Starts,Min,90s,Gls,Ast,G-PK,PK,PKatt,CrdY,CrdR,Gls,Ast,G+A,G-PK,G+A-PK,Matches
1,Rayane Aabid\13792bac,fr FRA,MF,Yeni Mal'spor,29,1992,22,21,1856,20.6,1,2,1,0,0,3,0,0.05,0.10,0.15,0.05,0.15,Matches
2,Rayane Aabid\13792bac,fr FRA,MF,Kasımpaşa,29,1992,12,5,421,4.7,0,0,0,0,0,1,0,0.00,0.00,0.00,0.00,0.00,Matches
3,Patrick van Aanholt\5f09991f,nl NED,DF,Galatasaray,30,1990,35,33,2780,30.9,2,2,2,0,1,3,0,0.06,0.06,0.13,0.06,0.13,Matches
4,Sam Adekugbe\7f2309be,ca CAN,DF,Hatayspor,26,1995,34,34,2927,32.5,0,2,0,0,0,9,1,0.00,0.06,0.06,0.00,0.06,Matches
5,Luiz Adriano\2557c196,br BRA,MFFW,Antalyaspor,34,1987,15,15,1202,13.4,4,2,4,0,0,3,0,0.30,0.15,0.45,0.30,0.45,Matches
6,Serhat Ahmetoğlu\7b1ef05a,tr TUR,DF,Fatih Karagümrük,19,2002,4,1,142,1.6,0,0,0,0,0,0,0,0.00,0.00,0.00,0.00,0.00,Matches
7,Serge Aka\961bd515,ci CIV,MF,Altay,26,1994,7,3,310,3.4,0,1,0,0,0,0,0,0.00,0.29,0.29,0.00,0.29,Matches
8,Eray Akar\a8ec8f5f,tr TUR,FW,Hatayspor,18,2003,1,0,23,0.3,0,0,0,0,0,0,0,0.00,0.00,0.00,0.00,0.00,Matches
9,Harun Akaydin\6b96f0a7,,DF,Kasımpaşa,,,1,1,45,0.5,0,0,0,0,0,0,0,0.00,0.00,0.00,0.00,0.00,Matches
10,Samet Akaydın\7328bee5,tr TUR,DF,Adana Demirspor,27,1994,33,33,2951,32.8,2,0,2,0,0,6,0,0.06,0.00,0.06,0.06,0.06,Matches
11,Emre Akbaba\7230b807,tr TUR,MF,Alanyaspor,28,1992,31,25,2246,25.0,10,4,10,0,0,4,0,0.40,0.16,0.56,0.40,0.56,Matches
12,Emre Akbaba\7230b807,tr TUR,MF,Galatasaray,28,1992,1,0,24,0.3,0,0,0,0,0,0,0,0.00,0.00,0.00,0.00,0.00,Matches
13,Arda Akbulut\74ed57e4,tr TUR,GK,Trabzonspor,20,2001,1,1,90,1.0,0,0,0,0,0,0,0,0.00,0.00,0.00,0.00,0.00,Matches
14,Halil Akbunar\88e9f529,tr TUR,MFFW,Göztepe,27,1993,32,29,2496,27.7,4,4,4,0,0,5,1,0.14,0.14,0.29,0.14,0.29,Matches
15,Murat Akça\4af5ef8e,tr TUR,DF,Altay,31,1990,26,26,2255,25.1,0,0,0,0,0,6,0,0.00,0.00,0.00,0.00,0.00,Matches
16,İbrahim Akdağ\fc8900d7,tr TUR,MF,Kayserispor,30,1991,32,28,2252,25.0,1,2,0,1,1,11,0,0.04,0.08,0.12,0.00,0.08,Matches
17,Yunus Akgün\1453e3cf,tr TUR,MF,Adana Demirspor,21,2000,34,31,2594,28.8,8,9,8,0,0,5,0,0.28,0.31,0.59,0.28,0.59,Matches
18,Babajide Akintola\5529e983,ng NGA,MF,Adana Demirspor,25,1996,26,12,1194,13.3,2,1,2,0,0,1,1,0.15,0.08,0.23,0.15,0.23,Matches
19,Gökhan Akkan\3587cb86,tr TUR,GK,Rizespor,26,1995,27,27,2386,26.5,0,0,0,0,0,0,0,0.00,0.00,0.00,0.00,0.00,Matches
20,Murat Akşit\9853d6e5,tr TUR,GK,Yeni Mal'spor,19,2002,1,0,14,0.2,0,0,0,0,0,0,0,0.00,0.00,0.00,0.00,0.00,Matches
21,Engin Aksoy\accd6cbe,tr TUR,MF,Hatayspor,17,2003,1,0,9,0.1,0,0,0,0,0,0,0,0.00,0.00,0.00,0.00,0.00,Matches
22,Fatih Aksoy\c6e7789b,tr TUR,DFMF,Alanyaspor,23,1997,32,31,2617,29.1,1,1,1,0,0,6,0,0.03,0.03,0.07,0.03,0.07,Matches
23,Kerem Aktürkoğlu\f28659fb,tr TUR,MFFW,Galatasaray,22,1998,37,33,2862,31.8,10,5,10,0,0,5,0,0.31,0.16,0.47,0.31,0.47,Matches
24,Ufuk Akyol\5adbafc0,de GER,MF,Antalyaspor,23,1997,7,2,228,2.5,0,0,0,0,0,0,0,0.00,0.00,0.00,0.00,0.00,Matches
25,Eren Albayrak\b02a8b91,tr TUR,DFMF,Antalyaspor,30,1991,6,0,82,0.9,0,0,0,0,0,1,0,0.00,0.00,0.00,0.00,0.00,Matches
26,Eren Albayrak\b02a8b91,tr TUR,DF,Rizespor,30,1991,11,10,776,8.6,0,0,0,0,0,2,0,0.00,0.00,0.00,0.00,0.00,Matches
27,Mehmet Albayrak\5076fdad,tr TUR,DF,Sivasspor,17,2004,1,1,60,0.7,0,0,0,0,0,0,0,0.00,0.00,0.00,0.00,0.00,Matches
28,Danijel Aleksić\d68cb24c,rs SRB,MF,Başakşehir,30,1991,32,16,1640,18.2,6,2,4,2,2,2,0,0.33,0.11,0.44,0.22,0.33,Matches
29,Doğan Alemdar\9e17ccff,tr TUR,GK,Kayserispor,18,2002,1,1,90,1.0,0,0,0,0,0,0,0,0.00,0.00,0.00,0.00,0.00,Matches
30,Hasan Ali Kaldırım\edd38473,tr TUR,DF,Başakşehir,31,1989,19,18,1472,16.4,0,2,0,0,0,3,0,0.00,0.12,0.12,0.00,0.12,Matches
31,Ömer Ali Şahiner\2b59d76f,tr TUR,DFMF,Başakşehir,29,1992,22,14,1120,12.4,0,1,0,0,0,7,1,0.00,0.08,0.08,0.00,0.08,Matches
32,Kerim Alıcı\50df83f7,tr TUR,DFMF,Göztepe,24,1997,27,19,1790,19.9,0,1,0,0,0,2,0,0.00,0.05,0.05,0.00,0.05,Matches
33,Barış Alper Yılmaz\414b2ce4,tr TUR,MFFW,Galatasaray,21,2000,17,3,319,3.5,0,0,0,0,0,0,0,0.00,0.00,0.00,0.00,0.00,Matches
34,Koray Altınay\26b88dab,tr TUR,DFMF,Sivasspor,29,1991,5,5,319,3.5,0,0,0,0,0,1,0,0.00,0.00,0.00,0.00,0.00,Matches
35,Kerem Altunisik\95d04bc7,tr TUR,MF,Yeni Mal'spor,17,2004,1,1,56,0.6,0,0,0,0,0,0,0,0.00,0.00,0.00,0.00,0.00,Matches
36,Amilton\28a2c1fe,br BRA,MF,Konyaspor,31,1989,14,9,645,7.2,1,0,1,0,0,2,1,0.14,0.00,0.14,0.14,0.14,Matches
37,Amilton\28a2c1fe,br BRA,MFFW,Antalyaspor,31,1989,18,11,828,9.2,0,0,0,0,0,5,0,0.00,0.00,0.00,0.00,0.00,Matches
38,Wilker Ángel\1155a7ba,ve VEN,DF,Göztepe,28,1993,15,13,1216,13.5,0,0,0,0,0,3,0,0.00,0.00,0.00,0.00,0.00,Matches
39,Marin Aničić\f08a8947,ba BIH,DF,Konyaspor,31,1989,1,1,90,1.0,0,0,0,0,0,1,0,0.00,0.00,0.00,0.00,0.00,Matches
40,Taylan Antalyalı\4374d81c,tr TUR,MF,Galatasaray,26,1995,30,25,2043,22.7,0,0,0,0,0,6,1,0.00,0.00,0.00,0.00,0.00,Matches
41,Aaron Appindangoyé\3a7e7259,ga GAB,DF,Sivasspor,29,1992,4,3,254,2.8,0,1,0,0,0,1,0,0.00,0.35,0.35,0.00,0.35,Matches
42,Efe Arda Koyuncu\82e0f17c,tr TUR,DF,Başakşehir,16,2005,1,1,90,1.0,0,0,0,0,0,0,0,0.00,0.00,0.00,0.00,0.00,Matches
43,Firat Arslan\53d6cb2a,tr TUR,DF,Göztepe,18,2003,1,0,5,0.1,0,0,0,0,0,0,0,0.00,0.00,0.00,0.00,0.00,Matches
44,Hakan Arslan\2429a3ec,tr TUR,MF,Sivasspor,33,1988,31,24,2160,24.0,0,0,0,0,0,2,0,0.00,0.00,0.00,0.00,0.00,Matches
45,Dino Arslanagic\c83c2c9c,be BEL,DF,Göztepe,28,1993,31,31,2612,29.0,2,0,2,0,0,11,1,0.07,0.00,0.07,0.07,0.07,Matches
46,Vato Arveladze\81ce81a3,ge GEO,FW,Fatih Karagümrük,23,1998,6,0,151,1.7,0,0,0,0,0,1,0,0.00,0.00,0.00,0.00,0.00,Matches
47,Serkan Asan\ee47f156,tr TUR,DF,Trabzonspor,22,1999,10,3,281,3.1,0,0,0,0,0,0,0,0.00,0.00,0.00,0.00,0.00,Matches
48,Britt Assombalonga\315aa9c5,cd COD,FW,Adana Demirspor,28,1992,37,15,1738,19.3,10,2,8,2,4,4,0,0.52,0.10,0.62,0.41,0.52,Matches
49,Gustavo Assuncao\065c8786,pt POR,MF,Galatasaray,21,2000,2,1,135,1.5,0,0,0,0,0,1,0,0.00,0.00,0.00,0.00,0.00,Matches
50,Kerem Atakan Kesgin\b75a36e9,tr TUR,MF,Sivasspor,20,2000,22,14,1203,13.4,2,1,2,0,0,5,0,0.15,0.07,0.22,0.15,0.22,Matches
51,Daniel Avramovski\8fdebe11,mk MKD,MF,Kayserispor,26,1995,1,1,45,0.5,0,0,0,0,0,0,0,0.00,0.00,0.00,0.00,0.00,Matches
52,Chidozie Awaziem\70d8e84c,ng NGA,DF,Alanyaspor,24,1997,18,17,1523,16.9,1,0,1,0,0,9,0,0.06,0.00,0.06,0.06,0.06,Matches
53,Selim Ay\63a60d73,tr TUR,DF,Rizespor,30,1991,23,21,1969,21.9,4,0,4,0,0,6,0,0.18,0.00,0.18,0.18,0.18,Matches
54,Berat Ayberk Özdemir\90ba61ce,tr TUR,MF,Trabzonspor,23,1998,36,21,1722,19.1,0,1,0,0,0,2,0,0.00,0.05,0.05,0.00,0.05,Matches
55,Oğuz Aydın\a7b98226,tr TUR,MFFW,Alanyaspor,20,2000,20,5,607,6.7,6,0,6,0,0,2,0,0.89,0.00,0.89,0.89,0.89,Matches
56,Emirhan Aydoğan\f3171ee6,tr TUR,MF,Alanyaspor,24,1997,2,1,50,0.6,0,0,0,0,0,0,0,0.00,0.00,0.00,0.00,0.00,Matches
57,Soner Aydoğdu\d1d72821,tr TUR,MF,Göztepe,30,1991,32,27,2366,26.3,2,4,1,1,2,5,0,0.08,0.15,0.23,0.04,0.19,Matches
58,Sakıb Aytaç\2d5c3c04,tr TUR,DF,Kasımpaşa,29,1991,8,3,292,3.2,0,0,0,0,0,1,0,0.00,0.00,0.00,0.00,0.00,Matches
59,Serdar Aziz\8e34b9f5,tr TUR,DF,Fenerbahçe,30,1990,25,21,1794,19.9,2,1,2,0,0,9,0,0.10,0.05,0.15,0.10,0.15,Matches
60,Mame Baba Thiam\ec304819,sn SEN,MF,Kayserispor,28,1992,24,23,2044,22.7,11,4,8,3,3,1,0,0.48,0.18,0.66,0.35,0.53,Matches
61,Atalay Babacan\2e1ca4a1,tr TUR,MF,Galatasaray,21,2000,3,0,22,0.2,0,0,0,0,0,0,0,0.00,0.00,0.00,0.00,0.00,Matches
62,Volkan Babacan\6e905b8d,tr TUR,GK,Başakşehir,32,1988,31,31,2790,31.0,0,0,0,0,0,1,0,0.00,0.00,0.00,0.00,0.00,Matches
63,Khouma Babacar\422ec08a,sn SEN,FWMF,Alanyaspor,28,1993,16,5,528,5.9,3,0,3,0,0,1,0,0.51,0.00,0.51,0.51,0.51,Matches
64,Ryan Babel\6438d426,nl NED,MFFW,Galatasaray,34,1986,30,15,1575,17.5,3,1,2,1,1,3,0,0.17,0.06,0.23,0.11,0.17,Matches
65,Fabrício Baiano\d8a48dad,br BRA,MFDF,Rizespor,29,1992,28,26,2154,23.9,0,0,0,0,0,10,4,0.00,0.00,0.00,0.00,0.00,Matches
66,Anastasios Bakasetas\dead55e5,gr GRE,MF,Trabzonspor,28,1993,34,26,2272,25.2,8,4,5,3,5,5,0,0.32,0.16,0.48,0.20,0.36,Matches
67,Makana Baku\d2b262fe,de GER,MFFW,Göztepe,23,1998,20,8,799,8.9,2,1,2,0,0,0,0,0.23,0.11,0.34,0.23,0.34,Matches
68,Bünyamin Balcı\7d7b3e47,tr TUR,DFMF,Antalyaspor,21,2000,34,31,2740,30.4,2,3,2,0,0,2,0,0.07,0.10,0.16,0.07,0.16,Matches
69,Ethem Balcı\bcb7e621,tr TUR,MF,Kayserispor,18,2003,1,0,22,0.2,0,0,0,0,0,0,0,0.00,0.00,0.00,0.00,0.00,Matches
70,Ibrahima Baldé\573b6680,sn SEN,FW,Giresunspor,32,1989,33,12,1244,13.8,3,0,3,0,1,1,0,0.22,0.00,0.22,0.22,0.22,Matches
71,Jure Balkovec\1a787ee8,si SVN,DF,Fatih Karagümrük,26,1994,30,18,1842,20.5,1,2,1,0,0,4,0,0.05,0.10,0.15,0.05,0.15,Matches
72,Mario Balotelli\8ff07990,it ITA,FW,Adana Demirspor,30,1990,31,25,2092,23.2,18,4,14,4,4,10,1,0.77,0.17,0.95,0.60,0.77,Matches
73,Daouda Bamba\543e1eb6,ci CIV,FWMF,Altay,26,1995,32,22,1988,22.1,7,1,5,2,2,2,0,0.32,0.05,0.36,0.23,0.27,Matches
74,Rayyan Baniya\cfc4b498,it ITA,DF,Fatih Karagümrük,22,1999,2,0,13,0.1,0,0,0,0,0,0,0,0.00,0.00,0.00,0.00,0.00,Matches
75,Abdülkerim Bardakcı\5d9cff53,tr TUR,DF,Konyaspor,26,1994,33,33,2969,33.0,5,3,5,0,0,10,0,0.15,0.09,0.24,0.15,0.24,Matches
76,Sadık Baş\94c312f1,tr TUR,DFMF,Hatayspor,27,1994,19,11,934,10.4,0,3,0,0,0,1,0,0.00,0.29,0.29,0.00,0.29,Matches
77,Barış Başdaş\eb7f2e2a,tr TUR,DF,Yeni Mal'spor,31,1990,9,6,511,5.7,0,0,0,0,0,1,1,0.00,0.00,0.00,0.00,0.00,Matches
78,Emrah Başsan\78a07623,tr TUR,MF,Kayserispor,29,1992,31,25,1940,21.6,5,5,5,0,0,1,0,0.23,0.23,0.46,0.23,0.46,Matches
79,Michy Batshuayi\2973d8ff,be BEL,FW,Beşiktaş,27,1993,33,28,2413,26.8,14,3,10,4,6,6,0,0.52,0.11,0.63,0.37,0.48,Matches
80,Bilal Bayazit\f0a63d14,nl NED,GK,Kayserispor,22,1999,5,5,450,5.0,0,0,0,0,0,1,0,0.00,0.00,0.00,0.00,0.00,Matches
81,Altay Bayındır\072e68ed,tr TUR,GK,Fenerbahçe,23,1998,24,24,2141,23.8,0,1,0,0,0,2,0,0.00,0.04,0.04,0.00,0.04,Matches
82,Furkan Bayır\c94d9e06,tr TUR,DF,Alanyaspor,21,2000,15,13,1113,12.4,0,0,0,0,0,2,0,0.00,0.00,0.00,0.00,0.00,Matches
83,Emircan Bayrakdar\a4e7da0c,tr TUR,DF,Yeni Mal'spor,18,2003,1,0,7,0.1,0,0,0,0,0,0,0,0.00,0.00,0.00,0.00,0.00,Matches
84,Gökdeniz Bayrakdar\64e951fc,tr TUR,MFFW,Antalyaspor,19,2001,29,6,953,10.6,2,1,2,0,0,2,0,0.19,0.09,0.28,0.19,0.28,Matches
85,Ömer Bayram\7bcc0708,tr TUR,DF,Galatasaray,30,1991,21,8,949,10.5,0,2,0,0,0,4,0,0.00,0.19,0.19,0.00,0.19,Matches
86,Aziz Behich\b6867b96,au AUS,DF,Giresunspor,30,1990,34,32,2785,30.9,0,2,0,0,0,4,0,0.00,0.06,0.06,0.00,0.06,Matches
87,Burak Bekaroğlu\df47927c,tr TUR,DF,Fatih Karagümrük,24,1997,30,24,2193,24.4,1,0,1,0,0,6,1,0.04,0.00,0.04,0.04,0.04,Matches
88,Efkan Bekiroglu\6233f5f9,tr TUR,MF,Alanyaspor,25,1995,31,19,1502,16.7,3,2,3,0,0,4,0,0.18,0.12,0.30,0.18,0.30,Matches
89,Younès Belhanda\e204ec12,ma MAR,MF,Adana Demirspor,31,1990,22,14,1202,13.4,3,1,3,0,0,2,0,0.22,0.07,0.30,0.22,0.30,Matches
90,Mortadha Ben Ouannes\1798891a,tn TUN,MFDF,Kasımpaşa,27,1994,23,18,1498,16.6,3,6,3,0,0,4,0,0.18,0.36,0.54,0.18,0.54,Matches
91,Medhi Benatia\3b15ef2d,ma MAR,DF,Fatih Karagümrük,34,1987,6,5,325,3.6,0,0,0,0,0,0,0,0.00,0.00,0.00,0.00,0.00,Matches
92,Yassine Benzia\6fbde63a,dz ALG,MF,Hatayspor,26,1994,12,9,756,8.4,2,1,2,0,0,1,0,0.24,0.12,0.36,0.24,0.36,Matches
93,Mergim Berisha\eb6e14be,de GER,FWMF,Fenerbahçe,23,1998,22,10,1002,11.1,4,1,4,0,0,2,0,0.36,0.09,0.45,0.36,0.45,Matches
94,Bahattin Berke\428215b7,tr TUR,MF,Fatih Karagümrük,18,2002,1,0,8,0.1,0,0,0,0,0,0,0,0.00,0.00,0.00,0.00,0.00,Matches
95,Andrea Bertolacci\c75b6a02,it ITA,MFFW,Kayserispor,30,1991,10,7,623,6.9,1,0,1,0,0,3,0,0.14,0.00,0.14,0.14,0.14,Matches
96,Andrea Bertolacci\c75b6a02,it ITA,MF,Fatih Karagümrük,30,1991,15,14,1004,11.2,7,1,7,0,0,2,0,0.63,0.09,0.72,0.63,0.72,Matches
97,Lucas Biglia\5710a281,ar ARG,MF,Fatih Karagümrük,35,1986,33,33,2795,31.1,1,4,1,0,0,9,1,0.03,0.13,0.16,0.03,0.16,Matches
98,Hayrullah Bilazer\7d0a8876,tr TUR,DF,Giresunspor,26,1995,23,16,1384,15.4,1,3,1,0,0,2,0,0.07,0.20,0.26,0.07,0.26,Matches
99,Emre Bilgin\c93ca6cd,tr TUR,GK,Beşiktaş,17,2004,3,3,270,3.0,0,0,0,0,0,1,0,0.00,0.00,0.00,0.00,0.00,Matches
100,Tayfur Bingöl\ad163246,tr TUR,DFMF,Alanyaspor,28,1993,30,14,1582,17.6,3,10,3,0,0,7,1,0.17,0.57,0.74,0.17,0.74,Matches
101,Mame Biram Diouf\7f4f3e49,sn SEN,FW,Hatayspor,33,1987,35,34,3005,33.4,12,3,9,3,4,8,0,0.36,0.09,0.45,0.27,0.36,Matches
102,Davide Biraschi\64cd167d,it ITA,DF,Fatih Karagümrük,27,1994,14,13,1171,13.0,0,1,0,0,0,1,0,0.00,0.08,0.08,0.00,0.08,Matches
103,Kristijan Bistrović\79370f8c,hr CRO,MF,Fatih Karagümrük,23,1998,18,13,1119,12.4,1,1,1,0,0,3,0,0.08,0.08,0.16,0.08,0.16,Matches
104,André Biyogo Poko\77b8d8f1,ga GAB,MF,Altay,28,1993,30,26,2376,26.4,2,1,2,0,0,5,0,0.08,0.04,0.11,0.08,0.11,Matches
105,Birkir Bjarnason\da13074e,is ISL,MFFW,Adana Demirspor,33,1988,32,22,1842,20.5,5,1,5,0,0,2,0,0.24,0.05,0.29,0.24,0.29,Matches
106,Eric Björkander\141935d3,se SWE,DF,Altay,25,1996,24,21,1920,21.3,1,0,1,0,0,3,0,0.05,0.00,0.05,0.05,0.05,Matches
107,Sacha Boey\6c8ddd52,fr FRA,DF,Galatasaray,20,2000,13,12,1068,11.9,0,0,0,0,0,3,0,0.00,0.00,0.00,0.00,0.00,Matches
108,Ruud Boffin\ad19ca64,be BEL,GK,Antalyaspor,33,1987,37,37,3330,37.0,0,0,0,0,0,4,0,0.00,0.00,0.00,0.00,0.00,Matches
109,Yannick Bolasie\715fc0fe,cd COD,MF,Rizespor,32,1989,27,14,1352,15.0,2,1,2,0,0,6,0,0.13,0.07,0.20,0.13,0.20,Matches
110,Fernando Boldrin\e552cdf1,br BRA,MF,Rizespor,32,1989,26,24,1938,21.5,1,5,1,0,1,4,0,0.05,0.23,0.28,0.05,0.28,Matches
111,Fabio Borini\ef5b337e,it ITA,MFFW,Fatih Karagümrük,30,1991,21,15,1468,16.3,3,3,2,1,1,4,0,0.18,0.18,0.37,0.12,0.31,Matches
112,Cristian Borja\9d7d5334,co COL,DFMF,Alanyaspor,28,1993,28,24,2160,24.0,1,0,1,0,0,1,0,0.04,0.00,0.04,0.04,0.04,Matches
113,Mehdi Boudjemaa\6e51bf28,dz ALG,MF,Hatayspor,23,1998,29,19,1766,19.6,0,1,0,0,0,9,1,0.00,0.05,0.05,0.00,0.05,Matches
114,Hijran Boyaci\98c486c1,tr TUR,MF,Adana Demirspor,16,2005,1,0,19,0.2,0,0,0,0,0,0,0,0.00,0.00,0.00,0.00,0.00,Matches
115,Tyler Boyd\f4b1e26f,us USA,MF,Rizespor,26,1994,29,23,1770,19.7,2,2,2,0,0,2,1,0.10,0.10,0.20,0.10,0.20,Matches
116,Can Bozdogan\b797f558,de GER,MF,Beşiktaş,20,2001,23,12,1129,12.5,1,1,1,0,0,3,0,0.08,0.08,0.16,0.08,0.16,Matches
117,Umut Bozok\6e2c94ad,tr TUR,FWMF,Kasımpaşa,24,1996,38,27,2538,28.2,20,7,15,5,6,3,0,0.71,0.25,0.96,0.53,0.78,Matches
118,Tomáš Břečka\55305521,cz CZE,DF,Kasımpaşa,27,1994,20,13,1073,11.9,0,0,0,0,0,1,0,0.00,0.00,0.00,0.00,0.00,Matches
119,Jeffrey Bruma\fbffc4b1,nl NED,DF,Kasımpaşa,29,1991,15,15,1326,14.7,0,0,0,0,0,2,0,0.00,0.00,0.00,0.00,0.00,Matches
120,Buluthan Bulut\99b83608,tr TUR,MF,Alanyaspor,19,2002,2,0,28,0.3,0,0,0,0,0,0,0,0.00,0.00,0.00,0.00,0.00,Matches
121,Onur Bulut\32e96d52,tr TUR,DF,Kayserispor,27,1994,34,31,2739,30.4,1,8,1,0,0,6,1,0.03,0.26,0.30,0.03,0.30,Matches
122,Mustafa Burak Bozan\c7deccc0,tr TUR,GK,Gaziantep FK,20,2000,4,3,279,3.1,0,0,0,0,0,0,0,0.00,0.00,0.00,0.00,0.00,Matches
123,Dženan Bureković\249aaaa2,ba BIH,MF,Göztepe,26,1995,9,3,245,2.7,0,0,0,0,0,1,0,0.00,0.00,0.00,0.00,0.00,Matches
124,Adem Büyük\720611fe,tr TUR,FWMF,Yeni Mal'spor,33,1987,21,18,1649,18.3,5,2,3,2,2,6,0,0.27,0.11,0.38,0.16,0.27,Matches
125,Walter Bwalya\4bb3dee2,cd COD,FW,Yeni Mal'spor,26,1995,8,0,126,1.4,0,0,0,0,0,0,0,0.00,0.00,0.00,0.00,0.00,Matches
126,Zymer Bytyqi\bb221f32,xk KVX,MFFW,Konyaspor,24,1996,37,35,2907,32.3,8,7,8,0,0,3,0,0.25,0.22,0.46,0.25,0.46,Matches
127,Torgeir Børven\1ff40741,no NOR,FW,Gaziantep FK,29,1991,14,0,177,2.0,0,0,0,0,0,1,0,0.00,0.00,0.00,0.00,0.00,Matches
128,Musa Çağıran\f720f91e,tr TUR,DF,Konyaspor,28,1992,12,4,497,5.5,0,0,0,0,0,2,0,0.00,0.00,0.00,0.00,0.00,Matches
129,Rahman Çağıran\57287c03,tr TUR,MF,Yeni Mal'spor,26,1995,13,11,755,8.4,2,0,2,0,0,2,0,0.24,0.00,0.24,0.24,0.24,Matches
130,Oğulcan Çağlayan\c0e8793e,tr TUR,DFMF,Galatasaray,25,1996,8,3,334,3.7,0,0,0,0,0,2,0,0.00,0.00,0.00,0.00,0.00,Matches
131,Júnior Caiçara\038aa94a,br BRA,DF,Başakşehir,32,1989,27,23,2147,23.9,2,0,2,0,0,6,0,0.08,0.00,0.08,0.08,0.08,Matches
132,Uğurcan Çakır\f63a8347,tr TUR,GK,Trabzonspor,25,1996,36,36,3227,35.9,0,0,0,0,0,6,1,0.00,0.00,0.00,0.00,0.00,Matches
133,Samba Camara\7c85e03f,ml MLI,DF,Sivasspor,28,1992,19,14,1234,13.7,0,0,0,0,0,1,0,0.00,0.00,0.00,0.00,0.00,Matches
134,Tarık Çamdal\d23ff209,tr TUR,DF,Adana Demirspor,30,1991,12,2,228,2.5,0,0,0,0,0,0,0,0.00,0.00,0.00,0.00,0.00,Matches
135,Burak Çamoğlu\4a28e56a,tr TUR,DF,Hatayspor,24,1996,3,1,45,0.5,0,0,0,0,0,0,0,0.00,0.00,0.00,0.00,0.00,Matches
136,Gustavo Campanharo\96f2d977,br BRA,MF,Kayserispor,29,1992,22,14,1313,14.6,0,0,0,0,0,7,0,0.00,0.00,0.00,0.00,0.00,Matches
137,Gastón Campi\74223a01,ar ARG,DF,Yeni Mal'spor,30,1991,14,14,1152,12.8,0,0,0,0,0,1,1,0.00,0.00,0.00,0.00,0.00,Matches
138,Erol Can Akdağ\9e189d84,tr TUR,MF,Giresunspor,24,1996,5,0,45,0.5,0,1,0,0,0,1,0,0.00,2.00,2.00,0.00,2.00,Matches
139,İrfan Can Eğribayat\b3c67ed0,tr TUR,GK,Göztepe,23,1998,30,30,2700,30.0,0,0,0,0,0,3,0,0.00,0.00,0.00,0.00,0.00,Matches
140,Efe Can Saçıkara\b99aa98d,tr TUR,MF,Göztepe,17,2004,4,1,126,1.4,0,0,0,0,0,0,0,0.00,0.00,0.00,0.00,0.00,Matches
141,Daniel Candeias\0366fc78,pt POR,MFFW,Alanyaspor,33,1988,35,18,1540,17.1,4,4,4,0,0,1,0,0.23,0.23,0.47,0.23,0.47,Matches
142,Metin Caner Akbayrak\5b356a21,tr TUR,MF,Giresunspor,17,2004,1,1,53,0.6,0,0,0,0,0,0,0,0.00,0.00,0.00,0.00,0.00,Matches
143,Atakan Çankaya\bd0a2116,tr TUR,DFMF,Göztepe,23,1998,24,17,1571,17.5,0,0,0,0,0,6,0,0.00,0.00,0.00,0.00,0.00,Matches
144,Erdem Canpolat\1ec7078a,de GER,GK,Kasımpaşa,20,2001,3,3,270,3.0,0,0,0,0,0,0,0,0.00,0.00,0.00,0.00,0.00,Matches
145,Mahsun Çapkan\61707054,tr TUR,MF,Rizespor,21,1999,1,0,9,0.1,0,0,0,0,0,0,0,0.00,0.00,0.00,0.00,0.00,Matches
146,Miguel Filipe Nunes Cardoso\f9c7bf18,pt POR,MFDF,Kayserispor,27,1994,28,15,1267,14.1,4,2,4,0,0,1,0,0.28,0.14,0.43,0.28,0.43,Matches
147,José Carlos Marafona\8ac7161e,pt POR,GK,Alanyaspor,34,1987,16,16,1440,16.0,0,0,0,0,0,0,0,0.00,0.00,0.00,0.00,0.00,Matches
148,Lionel Carole\5b5724d2,fr FRA,DF,Kayserispor,30,1991,30,30,2555,28.4,0,2,0,0,0,5,0,0.00,0.07,0.07,0.00,0.07,Matches
149,Lucas Castro\56b2957b,ar ARG,MF,Adana Demirspor,32,1989,11,4,394,4.4,0,0,0,0,0,1,0,0.00,0.00,0.00,0.00,0.00,Matches
150,Steven Caulker\2592d9b5,sl SLE,DF,Gaziantep FK,29,1991,25,25,2160,24.0,2,0,2,0,0,3,0,0.08,0.00,0.08,0.08,0.08,Matches
151,Atalay Çayırlı\ca21be52,de GER,DF,Göztepe,15,2005,1,0,1,0.0,0,0,0,0,0,0,0,0.00,0.00,0.00,0.00,0.00,Matches
152,Endri Çekiçi\37cf6227,al ALB,MFFW,Konyaspor,24,1996,35,23,1890,21.0,6,3,6,0,0,3,0,0.29,0.14,0.43,0.29,0.43,Matches
153,Erhan Çelenk\c6ed4902,tr TUR,MF,Altay,32,1989,10,3,358,4.0,1,0,1,0,0,0,0,0.25,0.00,0.25,0.25,0.25,Matches
154,İzzet Çelik\a3255b25,tr TUR,MF,Adana Demirspor,17,2004,1,0,2,0.0,0,0,0,0,0,0,0,0.00,0.00,0.00,0.00,0.00,Matches
155,Murat Cem Akpınar\9254c532,tr TUR,MF,Trabzonspor,22,1999,2,1,48,0.5,0,0,0,0,0,0,0,0.00,0.00,0.00,0.00,0.00,Matches
156,Tarık Çetin\452f6d51,tr TUR,GK,Rizespor,24,1997,11,9,854,9.5,0,0,0,0,0,1,0,0.00,0.00,0.00,0.00,0.00,Matches
157,Bülent Cevahir\d79aadc7,tr TUR,DF,Hatayspor,29,1992,5,1,114,1.3,0,0,0,0,0,0,0,0.00,0.00,0.00,0.00,0.00,Matches
158,Oğuz Ceylan\2edd287e,tr TUR,DFMF,Gaziantep FK,30,1990,20,11,935,10.4,0,1,0,0,0,1,0,0.00,0.10,0.10,0.00,0.10,Matches
159,Nacer Chadli\5b54bf3b,be BEL,MFFW,Başakşehir,31,1989,28,14,1307,14.5,1,3,1,0,0,2,0,0.07,0.21,0.28,0.07,0.28,Matches
160,Joe Champness\6007a362,nz NZL,FWMF,Giresunspor,24,1997,11,0,134,1.5,2,0,2,0,0,0,0,1.34,0.00,1.34,1.34,1.34,Matches
161,Chiquinho\262e5a82,pt POR,MF,Giresunspor,26,1995,13,13,1147,12.7,4,3,2,2,2,3,0,0.31,0.24,0.55,0.16,0.39,Matches
162,Mounir Chouiar\45c1c326,fr FRA,MF,Yeni Mal'spor,22,1999,25,24,2046,22.7,3,4,3,0,0,2,0,0.13,0.18,0.31,0.13,0.31,Matches
163,Alexandru Cicâldău\cdafb19d,ro ROU,MF,Galatasaray,24,1997,32,25,2197,24.4,4,3,2,2,2,7,0,0.16,0.12,0.29,0.08,0.20,Matches
164,Atabey Çiçek\8ade7755,tr TUR,FW,Başakşehir,26,1995,11,0,98,1.1,0,1,0,0,0,0,0,0.00,0.92,0.92,0.00,0.92,Matches
165,Uğur Çiftçi\e111bf12,tr TUR,DF,Sivasspor,29,1992,34,29,2647,29.4,0,3,0,0,0,6,2,0.00,0.10,0.10,0.00,0.10,Matches
166,Sadık Çiftpınar\eac8cdb6,tr TUR,DF,Yeni Mal'spor,28,1993,23,22,1927,21.4,0,0,0,0,0,8,0,0.00,0.00,0.00,0.00,0.00,Matches
167,Tolga Ciğerci\6e17c802,tr TUR,MF,Başakşehir,29,1992,32,28,2459,27.3,1,1,1,0,0,7,0,0.04,0.04,0.07,0.04,0.07,Matches
168,Mirza Cihan\6a0f971b,tr TUR,FWMF,Gaziantep FK,20,2000,10,3,262,2.9,0,1,0,0,0,0,0,0.00,0.34,0.34,0.00,0.34,Matches
169,Sokol Cikalleshi\29306e58,al ALB,FW,Konyaspor,31,1990,34,23,2171,24.1,10,2,9,1,1,4,0,0.41,0.08,0.50,0.37,0.46,Matches
170,Anıl Çınar\52c75956,tr TUR,DF,Giresunspor,18,2003,1,1,90,1.0,0,0,0,0,0,0,0,0.00,0.00,0.00,0.00,0.00,Matches
171,İsmail Çipe\6dab92d4,tr TUR,GK,Galatasaray,26,1995,7,6,548,6.1,0,0,0,0,0,0,0,0.00,0.00,0.00,0.00,0.00,Matches
172,Papiss Cissé\40f3ff51,sn SEN,FW,Rizespor,36,1985,14,8,644,7.2,2,2,2,0,0,1,0,0.28,0.28,0.56,0.28,0.56,Matches
173,Ramazan Civelek\c2c2eb25,tr TUR,DFMF,Kayserispor,25,1996,24,12,1039,11.5,0,2,0,0,0,2,0,0.00,0.17,0.17,0.00,0.17,Matches
174,Isaac Cofie\c6dda86e,gh GHA,MF,Sivasspor,29,1991,28,20,1852,20.6,1,0,1,0,0,5,0,0.05,0.00,0.05,0.05,0.05,Matches
175,İsmail Çokçalış\6a143565,tr TUR,DF,Adana Demirspor,21,2000,3,2,198,2.2,0,0,0,0,0,1,0,0.00,0.00,0.00,0.00,0.00,Matches
176,Halit Çokyaşar\3e317471,tr TUR,FW,Sivasspor,19,2002,1,0,2,0.0,0,0,0,0,0,0,0,0.00,0.00,0.00,0.00,0.00,Matches
177,Emre Çolak\643b39a6,tr TUR,MF,Hatayspor,30,1991,8,4,247,2.7,0,0,0,0,0,0,0,0.00,0.00,0.00,0.00,0.00,Matches
178,Emre Çolak\643b39a6,tr TUR,MF,Başakşehir,30,1991,7,0,109,1.2,0,0,0,0,0,0,0,0.00,0.00,0.00,0.00,0.00,Matches
179,Kamil Çörekçi\771d74d1,tr TUR,DF,Hatayspor,29,1992,30,28,2520,28.0,0,3,0,0,0,4,0,0.00,0.11,0.11,0.00,0.11,Matches
180,Andreas Cornelius\c693347d,dk DEN,FW,Trabzonspor,28,1993,37,28,2420,26.9,15,3,15,0,0,1,0,0.56,0.11,0.67,0.56,0.67,Matches
181,Göktan Cörüt\dc047262,tr TUR,GK,Giresunspor,21,2000,1,0,38,0.4,0,0,0,0,0,0,0,0.00,0.00,0.00,0.00,0.00,Matches
182,Crespo\922dfade,pt POR,MF,Fenerbahçe,24,1996,23,19,1670,18.6,1,1,1,0,0,5,0,0.05,0.05,0.11,0.05,0.11,Matches
183,Enzo Crivelli\06f33dc8,fr FRA,FW,Antalyaspor,26,1995,12,5,449,5.0,0,0,0,0,0,3,0,0.00,0.00,0.00,0.00,0.00,Matches
184,Bryan Dabo\c53083ad,bf BFA,MFFW,Rizespor,29,1992,19,9,864,9.6,0,1,0,0,0,3,0,0.00,0.10,0.10,0.00,0.10,Matches
185,Erdon Daci\dc07ee94,mk MKD,FW,Konyaspor,23,1998,1,0,12,0.1,0,0,0,0,0,0,0,0.00,0.00,0.00,0.00,0.00,Matches
186,Abdulsamed Damlu\03447e03,tr TUR,GK,Yeni Mal'spor,22,1999,9,8,710,7.9,0,0,0,0,0,0,0,0.00,0.00,0.00,0.00,0.00,Matches
187,Sergio Antonio De Luiz Junior\c3d8dcb2,br BRA,MF,Giresunspor,26,1995,35,33,2737,30.4,4,3,4,0,0,5,0,0.13,0.10,0.23,0.13,0.23,Matches
188,Simon Deli\6b6cbca4,ci CIV,DF,Adana Demirspor,29,1991,19,16,1398,15.5,0,1,0,0,0,2,0,0.00,0.06,0.06,0.00,0.06,Matches
189,Emre Demir\38d5b9d8,tr TUR,MF,Kayserispor,17,2004,4,0,28,0.3,0,0,0,0,0,1,0,0.00,0.00,0.00,0.00,0.00,Matches
190,Muhammet Demir\37835bfb,tr TUR,FW,Gaziantep FK,29,1992,29,27,2444,27.2,6,0,5,1,2,2,0,0.22,0.00,0.22,0.18,0.18,Matches
191,Muhammet Demir\37835bfb,tr TUR,FW,Başakşehir,29,1992,3,0,83,0.9,0,0,0,0,0,0,0,0.00,0.00,0.00,0.00,0.00,Matches
192,Adil Demirbağ\e43a256f,tr TUR,DF,Konyaspor,23,1997,30,19,1620,18.0,0,0,0,0,0,5,0,0.00,0.00,0.00,0.00,0.00,Matches
193,Uğur Demirok\6fbc5cd2,tr TUR,DF,Kayserispor,33,1988,18,15,1453,16.1,2,0,2,0,1,4,0,0.12,0.00,0.12,0.12,0.12,Matches
194,Kahraman Demirtapa\b659f6f3,tr TUR,DF,Göztepe,27,1994,23,18,1609,17.9,0,0,0,0,0,3,0,0.00,0.00,0.00,0.00,0.00,Matches
195,Stefano Denswil\5832ebfe,nl NED,DF,Trabzonspor,28,1993,28,21,1945,21.6,0,2,0,0,0,3,0,0.00,0.09,0.09,0.00,0.09,Matches
196,Halil Dervişoğlu\9d8cf204,tr TUR,FWMF,Galatasaray,21,1999,28,17,1411,15.7,4,1,4,0,0,2,0,0.26,0.06,0.32,0.26,0.32,Matches
197,Ersin Destanoğlu\52b3c895,tr TUR,GK,Beşiktaş,20,2001,32,31,2791,31.0,0,0,0,0,0,6,0,0.00,0.00,0.00,0.00,0.00,Matches
198,Franco Di Santo\549c6ba7,ar ARG,FW,Göztepe,32,1989,15,12,989,11.0,3,0,3,0,0,3,0,0.27,0.00,0.27,0.27,0.27,Matches
199,Fousseni Diabaté\d07e3b41,ml MLI,MF,Giresunspor,25,1995,34,30,2573,28.6,6,3,1,5,5,2,0,0.21,0.10,0.31,0.03,0.14,Matches
200,Mbaye Diagne\dda3969e,sn SEN,FW,Galatasaray,29,1991,14,7,667,7.4,2,1,2,0,1,1,0,0.27,0.13,0.40,0.27,0.40,Matches
201,Mamadou Diarra\3516b06b,sn SEN,DF,Giresunspor,23,1997,28,27,2497,27.7,1,0,1,0,0,4,0,0.04,0.00,0.04,0.04,0.04,Matches
202,Pa Dibba\d2006beb,gm GAM,FW,Adana Demirspor,33,1987,1,0,15,0.2,0,0,0,0,0,0,0,0.00,0.00,0.00,0.00,0.00,Matches
203,Nouha Dicko\c6caef02,ml MLI,FWMF,Yeni Mal'spor,29,1992,15,15,1310,14.6,4,0,2,2,2,1,0,0.27,0.00,0.27,0.14,0.14,Matches
204,Nouha Dicko\c6caef02,ml MLI,FWMF,Gaziantep FK,29,1992,18,8,786,8.7,1,0,1,0,0,2,0,0.11,0.00,0.11,0.11,0.11,Matches
205,Famara Diedhiou\e447352c,sn SEN,FW,Alanyaspor,28,1992,26,19,1594,17.7,11,0,9,2,3,7,1,0.62,0.00,0.62,0.51,0.51,Matches
206,Sahin Dik\bc2d64ef,tr TUR,DF,Giresunspor,17,2004,1,0,37,0.4,0,0,0,0,0,0,0,0.00,0.00,0.00,0.00,0.00,Matches
207,Soner Dikmen\9b00a9bd,tr TUR,MF,Konyaspor,27,1993,37,32,2520,28.0,3,4,3,0,0,5,0,0.11,0.14,0.25,0.11,0.25,Matches
208,Emir Dilaver\db3cb6ee,at AUT,DFMF,Rizespor,30,1991,2,0,25,0.3,0,0,0,0,0,0,0,0.00,0.00,0.00,0.00,0.00,Matches
209,Nabil Dirar\a2b0d521,ma MAR,MFDF,Kasımpaşa,35,1986,6,2,254,2.8,0,0,0,0,0,0,0,0.00,0.00,0.00,0.00,0.00,Matches
210,Djaniny\77ac1d89,cv CPV,FWMF,Trabzonspor,30,1991,30,19,1890,21.0,10,3,7,3,3,4,0,0.48,0.14,0.62,0.33,0.48,Matches
211,Papy Djilobodji\083525e5,sn SEN,DF,Gaziantep FK,32,1988,31,30,2621,29.1,5,1,5,0,0,7,1,0.17,0.03,0.21,0.17,0.21,Matches
212,Ryan Donk\d072a976,sr SUR,DF,Kasımpaşa,35,1986,28,24,2135,23.7,2,1,2,0,0,7,0,0.08,0.04,0.13,0.08,0.13,Matches
213,Godfred Donsah\384dd218,gh GHA,MF,Yeni Mal'spor,25,1996,12,9,750,8.3,0,0,0,0,0,2,0,0.00,0.00,0.00,0.00,0.00,Matches
214,Douglas\71687133,br BRA,DF,Giresunspor,31,1990,10,6,480,5.3,0,0,0,0,0,1,0,0.00,0.00,0.00,0.00,0.00,Matches
215,Souleymane Doukara\c48cd71d,mr MTN,FW,Giresunspor,29,1991,19,8,700,7.8,3,0,2,1,1,1,0,0.39,0.00,0.39,0.26,0.26,Matches
216,Léo Duarte\73ddc40c,br BRA,DF,Başakşehir,25,1996,33,31,2872,31.9,0,0,0,0,0,7,1,0.00,0.00,0.00,0.00,0.00,Matches
217,Jimmy Durmaz\f09a8b75,se SWE,MFFW,Fatih Karagümrük,32,1989,32,20,1819,20.2,1,2,1,0,0,8,1,0.05,0.10,0.15,0.05,0.15,Matches
218,Salih Dursun\3a7da45b,tr TUR,DF,Fatih Karagümrük,30,1991,14,11,1035,11.5,2,1,2,0,0,3,0,0.17,0.09,0.26,0.17,0.26,Matches
219,Serdar Dursun\a80d2da5,tr TUR,FW,Fenerbahçe,29,1991,33,20,1869,20.8,15,3,11,4,5,2,0,0.72,0.14,0.87,0.53,0.67,Matches
220,Houssam Eddine Ghacha\30173cdb,dz ALG,MFFW,Antalyaspor,25,1995,32,7,1142,12.7,1,2,1,0,0,2,0,0.08,0.16,0.24,0.08,0.24,Matches
221,Wilson Eduardo\b3b310f0,ao ANG,FWMF,Alanyaspor,31,1990,22,10,950,10.6,4,1,4,0,1,0,0,0.38,0.09,0.47,0.38,0.47,Matches
222,Burak Efe Yaz\7154f782,tr TUR,MF,Yeni Mal'spor,17,2003,2,0,60,0.7,0,0,0,0,0,0,0,0.00,0.00,0.00,0.00,0.00,Matches
223,Onur Efe\d002faa0,tr TUR,MF,Altay,19,2002,1,0,7,0.1,0,0,0,0,0,0,0,0.00,0.00,0.00,0.00,0.00,Matches
224,Muhammed Egemen Pehlivan\342db3ff,tr TUR,FW,Fatih Karagümrük,21,2000,1,0,1,0.0,0,0,0,0,0,0,0,0.00,0.00,0.00,0.00,0.00,Matches
225,Vegar Eggen Hedenstad\a0313275,no NOR,DF,Fatih Karagümrük,30,1991,14,14,1089,12.1,0,1,0,0,0,2,2,0.00,0.08,0.08,0.00,0.08,Matches
226,Omar Elabdellaoui\4f56170e,no NOR,DF,Galatasaray,29,1991,7,6,549,6.1,0,1,0,0,0,2,0,0.00,0.16,0.16,0.00,0.16,Matches
227,Muhammed Emin Sarıkaya\84f45f31,tr TUR,DF,Yeni Mal'spor,19,2002,4,2,103,1.1,0,0,0,0,0,0,0,0.00,0.00,0.00,0.00,0.00,Matches
228,Berkan Emir\f881d509,tr TUR,DFMF,Göztepe,33,1988,32,27,2345,26.1,1,5,0,1,1,9,0,0.04,0.19,0.23,0.00,0.19,Matches
229,Metin Emre Karaal\8a3898fc,tr TUR,MF,Başakşehir,18,2003,2,0,4,0.0,0,0,0,0,0,0,0,0.00,0.00,0.00,0.00,0.00,Matches
230,Ahmet Engin\b66051e5,de GER,MF,Kasımpaşa,24,1996,28,10,801,8.9,2,0,2,0,0,1,0,0.22,0.00,0.22,0.22,0.22,Matches
231,Alexandru Epureanu\58dda688,md MDA,DF,Başakşehir,34,1986,22,16,1463,16.3,1,0,1,0,0,3,0,0.06,0.00,0.06,0.06,0.06,Matches
232,Mehmet Eray Özbek\b2cf782c,tr TUR,MF,Kayserispor,18,2003,1,0,4,0.0,0,0,0,0,0,0,0,0.00,0.00,0.00,0.00,0.00,Matches
233,Çagan Erciyas\2ea0b378,tr TUR,DF,Alanyaspor,18,2003,3,1,50,0.6,0,0,0,0,0,0,0,0.00,0.00,0.00,0.00,0.00,Matches
234,Ziya Erdal\63458a96,tr TUR,DF,Sivasspor,33,1988,17,9,815,9.1,1,1,0,1,1,2,0,0.11,0.11,0.22,0.00,0.11,Matches
235,Alparslan Erdem\7e925fa3,tr TUR,DF,Fatih Karagümrük,32,1988,4,0,35,0.4,0,0,0,0,0,0,0,0.00,0.00,0.00,0.00,0.00,Matches
236,Mustafa Erdilman\b00f3a68,tr TUR,MF,Antalyaspor,17,2004,1,0,6,0.1,0,0,0,0,0,0,0,0.00,0.00,0.00,0.00,0.00,Matches
237,Doğan Erdoğan\571d3ac1,tr TUR,MF,Gaziantep FK,24,1996,31,25,2054,22.8,0,1,0,0,0,3,1,0.00,0.04,0.04,0.00,0.04,Matches
238,Eren Erdoğan\abc57fe0,tr TUR,MF,Altay,20,2001,14,4,406,4.5,0,1,0,0,0,0,0,0.00,0.22,0.22,0.00,0.22,Matches
239,Yusuf Erdoğan\1469d291,tr TUR,MF,Trabzonspor,28,1992,12,1,402,4.5,0,0,0,0,0,2,0,0.00,0.00,0.00,0.00,0.00,Matches
240,Yusuf Erdoğan\1469d291,tr TUR,MF,Kasımpaşa,28,1992,19,16,1360,15.1,2,2,2,0,0,3,0,0.13,0.13,0.26,0.13,0.26,Matches
241,Evren Eren Elmalı\8eeb8ba4,tr TUR,DF,Kasımpaşa,21,2000,32,27,2452,27.2,1,2,1,0,0,4,0,0.04,0.07,0.11,0.04,0.11,Matches
242,Muhammet Ergin\87e02655,tr TUR,FW,Sivasspor,20,2001,2,0,2,0.0,0,0,0,0,0,0,0,0.00,0.00,0.00,0.00,0.00,Matches
243,Onur Ergün\e887928a,tr TUR,MF,Hatayspor,28,1992,24,21,1876,20.8,1,0,1,0,0,8,0,0.05,0.00,0.05,0.05,0.05,Matches
244,Caner Erkin\15b6e8d7,tr TUR,DF,Fatih Karagümrük,32,1988,29,27,2334,25.9,1,4,1,0,0,4,1,0.04,0.15,0.19,0.04,0.19,Matches
245,Hayrullah Erkip\72ab4fa7,tr TUR,FW,Kayserispor,18,2003,3,0,112,1.2,1,0,1,0,0,0,0,0.80,0.00,0.80,0.80,0.80,Matches
246,Ertuğrul Ersoy\dd97ba77,tr TUR,DF,Gaziantep FK,24,1997,22,20,1788,19.9,0,1,0,0,0,4,0,0.00,0.05,0.05,0.00,0.05,Matches
247,Erten Ersu\19016cf4,tr TUR,GK,Konyaspor,27,1994,1,1,90,1.0,0,0,0,0,0,0,0,0.00,0.00,0.00,0.00,0.00,Matches
248,Osman Ertuğrul Çetin\40a5ecd5,tr TUR,GK,Fenerbahçe,18,2003,2,1,96,1.1,0,0,0,0,0,0,0,0.00,0.00,0.00,0.00,0.00,Matches
249,Mustafa Eskihellaç\a9dddaed,tr TUR,MF,Yeni Mal'spor,24,1997,31,30,2627,29.2,2,2,2,0,0,4,0,0.07,0.07,0.14,0.07,0.14,Matches
250,Jean Evrard Kouassi\db143520,ci CIV,MF,Trabzonspor,26,1994,11,2,187,2.1,0,0,0,0,0,0,0,0.00,0.00,0.00,0.00,0.00,Matches
251,Erkan Eyibil\7116c208,tr TUR,MF,Antalyaspor,20,2001,1,0,4,0.0,0,0,0,0,0,0,0,0.00,0.00,0.00,0.00,0.00,Matches
252,Valentin Eysseric\ae82fa48,fr FRA,MF,Kasımpaşa,29,1992,29,25,2103,23.4,5,7,5,0,0,9,2,0.21,0.30,0.51,0.21,0.51,Matches
253,Ahmet Eyüp Türkaslan\ecc65a15,tr TUR,GK,Yeni Mal'spor,26,1994,2,1,135,1.5,0,0,0,0,0,0,0,0.00,0.00,0.00,0.00,0.00,Matches
254,Francis Ezeh\40784535,ng NGA,MF,Adana Demirspor,23,1997,7,2,212,2.4,0,1,0,0,0,1,0,0.00,0.42,0.42,0.00,0.42,Matches
255,Fayçal Fajr\79135368,ma MAR,MF,Sivasspor,32,1988,29,27,2319,25.8,5,4,3,2,2,4,0,0.19,0.16,0.35,0.12,0.27,Matches
256,Radamel Falcao\66116290,co COL,FW,Galatasaray,35,1986,1,0,11,0.1,0,0,0,0,0,0,0,0.00,0.00,0.00,0.00,0.00,Matches
257,Simon Falette\b82880c6,gn GUI,DF,Hatayspor,29,1992,11,9,724,8.0,1,0,1,0,0,3,0,0.12,0.00,0.12,0.12,0.12,Matches
258,Mamadou Fall\1524bd4c,sn SEN,MF,Kasımpaşa,29,1991,17,11,1040,11.6,3,2,3,0,0,3,0,0.26,0.17,0.43,0.26,0.43,Matches
259,Eren Fansa\65e52c69,tr TUR,DF,Hatayspor,18,2003,1,0,1,0.0,0,0,0,0,0,0,0,0.00,0.00,0.00,0.00,0.00,Matches
260,Sofiane Feghouli\691f64f5,dz ALG,MFFW,Galatasaray,31,1989,21,12,991,11.0,2,4,2,0,0,1,0,0.18,0.36,0.54,0.18,0.54,Matches
261,Jorge Félix\4aea8111,es ESP,MFFW,Sivasspor,29,1991,12,6,627,7.0,3,0,3,0,0,1,0,0.43,0.00,0.43,0.43,0.43,Matches
262,Leroy Fer\3cefa66a,nl NED,MF,Alanyaspor,31,1990,20,6,627,7.0,0,0,0,0,0,1,0,0.00,0.00,0.00,0.00,0.00,Matches
263,Gedson Fernandes\e2dde94c,pt POR,MF,Rizespor,22,1999,11,10,889,9.9,3,3,3,0,0,4,0,0.30,0.30,0.61,0.30,0.61,Matches
264,Manuel Fernandes\13ac19de,pt POR,MF,Kayserispor,35,1986,5,1,139,1.5,0,1,0,0,0,0,0,0.00,0.65,0.65,0.00,0.65,Matches
265,Fernando\34c3ec17,br BRA,MF,Antalyaspor,29,1992,17,16,1448,16.1,4,4,4,0,0,4,0,0.25,0.25,0.50,0.25,0.50,Matches
266,Diogo Fesnard Sousa\408f410d,pt POR,GK,Antalyaspor,22,1998,1,1,90,1.0,0,0,0,0,0,0,0,0.00,0.00,0.00,0.00,0.00,Matches
267,Mehmet Feyzi Yıldırım\dbf58871,tr TUR,DF,Kasımpaşa,25,1996,11,6,540,6.0,0,0,0,0,0,2,0,0.00,0.00,0.00,0.00,0.00,Matches
268,João Figueiredo\804f159a,br BRA,FWMF,Gaziantep FK,25,1996,34,28,2346,26.1,8,4,8,0,0,7,0,0.31,0.15,0.46,0.31,0.46,Matches
269,Flávio\b3ddccb7,br BRA,MF,Giresunspor,25,1996,35,35,3030,33.7,0,2,0,0,0,4,0,0.00,0.06,0.06,0.00,0.06,Matches
270,Sherel Floranus\5ad49fbb,nl NED,DFMF,Antalyaspor,22,1998,18,9,923,10.3,1,0,1,0,0,2,0,0.10,0.00,0.10,0.10,0.10,Matches
271,Fredy\91d6f393,ao ANG,MF,Antalyaspor,31,1990,37,26,2384,26.5,6,4,4,2,3,7,0,0.23,0.15,0.38,0.15,0.30,Matches
272,Kerim Frei\729e3e14,tr TUR,MFFW,Fatih Karagümrük,27,1993,10,6,528,5.9,0,1,0,0,0,0,0,0.00,0.17,0.17,0.00,0.17,Matches
273,Izzet Furkan\c96c7daa,,MF,Göztepe,,,3,0,16,0.2,0,0,0,0,0,0,0,0.00,0.00,0.00,0.00,0.00,Matches
274,Philip Gameli Awuku\e43b6e1e,gh GHA,DF,Yeni Mal'spor,21,2000,18,10,998,11.1,0,0,0,0,0,3,0,0.00,0.00,0.00,0.00,0.00,Matches
275,Mario Gavranović\aad9c3f3,ch SUI,FW,Kayserispor,31,1989,26,21,1710,19.0,10,3,10,0,0,2,1,0.53,0.16,0.68,0.53,0.68,Matches
276,Gervinho\e468c053,ci CIV,MFFW,Trabzonspor,34,1987,9,6,377,4.2,2,1,2,0,0,0,0,0.48,0.24,0.72,0.48,0.72,Matches
277,Rachid Ghezzal\dc3a9a0d,dz ALG,MFFW,Beşiktaş,29,1992,35,33,2787,31.0,4,7,3,1,1,8,0,0.13,0.23,0.36,0.10,0.32,Matches
278,Okechukwu Godson Azubuike\0c0d6ed1,ng NGA,MF,Yeni Mal'spor,24,1997,15,14,1240,13.8,0,1,0,0,0,1,0,0.00,0.07,0.07,0.00,0.07,Matches
279,Okechukwu Godson Azubuike\0c0d6ed1,ng NGA,MF,Sivasspor,24,1997,10,4,383,4.3,0,0,0,0,0,1,0,0.00,0.00,0.00,0.00,0.00,Matches
280,Bafétimbi Gomis\3d6686f9,fr FRA,FW,Galatasaray,35,1985,14,9,804,8.9,9,0,4,5,6,2,0,1.01,0.00,1.01,0.45,0.45,Matches
281,Cenk Gönen\76338022,tr TUR,GK,Kayserispor,33,1988,2,2,180,2.0,0,0,0,0,0,0,0,0.00,0.00,0.00,0.00,0.00,Matches
282,Gökhan Gönül\d1675302,tr TUR,DF,Rizespor,36,1985,25,22,1908,21.2,1,1,1,0,0,5,1,0.05,0.05,0.09,0.05,0.09,Matches
283,Zafer Görgen\87cf60fa,tr TUR,GK,Rizespor,21,2000,2,2,180,2.0,0,0,0,0,0,0,0,0.00,0.00,0.00,0.00,0.00,Matches
284,Dimitris Goutas\56f5e78f,gr GRE,DF,Sivasspor,27,1994,32,31,2807,31.2,5,1,5,0,0,3,0,0.16,0.03,0.19,0.16,0.19,Matches
285,Max Gradel\c5a500ca,ci CIV,FWMF,Sivasspor,33,1987,31,29,2566,28.5,3,10,3,0,1,5,0,0.11,0.35,0.46,0.11,0.46,Matches
286,Ahmet Gülay\0e099c90,tr TUR,DF,Alanyaspor,18,2003,5,3,165,1.8,0,0,0,0,0,0,0,0.00,0.00,0.00,0.00,0.00,Matches
287,Fredrik Gulbrandsen\b686f4c0,no NOR,FWMF,Başakşehir,28,1992,30,13,1152,12.8,5,1,5,0,0,3,0,0.39,0.08,0.47,0.39,0.47,Matches
288,Arda Güler\3741ca58,tr TUR,MF,Fenerbahçe,16,2005,12,2,292,3.2,3,3,2,1,1,0,0,0.92,0.92,1.85,0.62,1.54,Matches
289,Semih Güler\0feeeef0,tr TUR,DF,Adana Demirspor,26,1994,12,4,480,5.3,0,0,0,0,0,3,0,0.00,0.00,0.00,0.00,0.00,Matches
290,Ceyhun Gülselam\27d02a40,tr TUR,MF,Altay,33,1987,22,15,1248,13.9,1,2,1,0,0,6,0,0.07,0.14,0.22,0.07,0.22,Matches
291,Sinan Gümüş\ac1f056e,tr TUR,MF,Antalyaspor,27,1994,6,1,109,1.2,0,0,0,0,0,1,0,0.00,0.00,0.00,0.00,0.00,Matches
292,Muhammed Gümüskaya\f804cfd9,tr TUR,MF,Giresunspor,20,2001,14,7,675,7.5,2,1,1,1,1,0,0,0.27,0.13,0.40,0.13,0.27,Matches
293,Muhammed Gümüskaya\f804cfd9,tr TUR,MFFW,Fenerbahçe,20,2001,11,6,516,5.7,0,0,0,0,0,0,0,0.00,0.00,0.00,0.00,0.00,Matches
294,Baris Gün\0bb1ba06,tr TUR,DF,Giresunspor,17,2004,1,1,58,0.6,0,0,0,0,0,0,0,0.00,0.00,0.00,0.00,0.00,Matches
295,Tugay Gündem\a2feddc3,tr TUR,DF,Altay,18,2003,1,0,9,0.1,0,0,0,0,0,0,0,0.00,0.00,0.00,0.00,0.00,Matches
296,Umut Güneş\b40fec30,tr TUR,MF,Alanyaspor,21,2000,33,24,2289,25.4,2,0,2,0,0,2,1,0.08,0.00,0.08,0.08,0.08,Matches
297,Mert Günok\b583aef5,tr TUR,GK,Beşiktaş,32,1989,4,4,359,4.0,0,0,0,0,0,0,0,0.00,0.00,0.00,0.00,0.00,Matches
298,Berke Gürbüz\b8ab3cd1,tr TUR,MF,Gaziantep FK,18,2003,1,0,1,0.0,0,0,0,0,0,0,0,0.00,0.00,0.00,0.00,0.00,Matches
299,Serdar Gürler\8d2ad5c0,tr TUR,MFFW,Konyaspor,29,1991,18,15,1289,14.3,4,6,4,0,0,4,0,0.28,0.42,0.70,0.28,0.70,Matches
300,Serdar Gürler\8d2ad5c0,tr TUR,MF,Başakşehir,29,1991,16,8,663,7.4,2,2,2,0,0,2,0,0.27,0.27,0.54,0.27,0.54,Matches
301,Luiz Gustavo\82671804,br BRA,MF,Fenerbahçe,34,1987,22,17,1519,16.9,1,0,1,0,0,3,0,0.06,0.00,0.06,0.06,0.06,Matches
302,Günay Güvenç\04c20fef,tr TUR,GK,Gaziantep FK,30,1991,35,35,3099,34.4,0,0,0,0,0,3,0,0.00,0.00,0.00,0.00,0.00,Matches
303,Oussama Haddadi\ec400194,tn TUN,DFMF,Yeni Mal'spor,29,1992,26,26,2294,25.5,0,1,0,0,0,2,1,0.00,0.04,0.04,0.00,0.04,Matches
304,Florent Hadergjonaj\9aa186b2,xk KVX,DF,Kasımpaşa,27,1994,33,33,2954,32.8,2,3,0,2,3,8,0,0.06,0.09,0.15,0.00,0.09,Matches
305,Amir Hadžiahmetović\e8213ed3,ba BIH,MF,Konyaspor,24,1997,36,36,3236,36.0,2,4,2,0,0,5,0,0.06,0.11,0.17,0.06,0.17,Matches
306,Karim Hafez\d2debf23,eg EGY,DFMF,Yeni Mal'spor,25,1996,31,24,2303,25.6,0,0,0,0,0,10,0,0.00,0.00,0.00,0.00,0.00,Matches
307,Haris Hajradinović\4e07366b,ba BIH,MF,Kasımpaşa,27,1994,36,31,2770,30.8,2,7,2,0,0,6,1,0.06,0.23,0.29,0.06,0.29,Matches
308,Marek Hamšík\e6ad16b2,sk SVK,MF,Trabzonspor,34,1987,26,24,2095,23.3,2,2,2,0,0,4,0,0.09,0.09,0.17,0.09,0.17,Matches
309,Dogucan Haspolat\f0f64209,tr TUR,MF,Kasımpaşa,21,2000,31,22,2046,22.7,1,1,1,0,0,5,0,0.04,0.04,0.09,0.04,0.09,Matches
310,Pedro Henrique\460976a2,br BRA,MFFW,Sivasspor,31,1990,25,24,1887,21.0,8,2,3,5,5,7,1,0.38,0.10,0.48,0.14,0.24,Matches
311,Sebastian Holmén\17138f9d,se SWE,DF,Rizespor,29,1992,33,33,2902,32.2,0,0,0,0,0,8,0,0.00,0.00,0.00,0.00,0.00,Matches
312,Majid Hosseini\d2161bae,ir IRN,DF,Kayserispor,25,1996,28,27,2439,27.1,0,1,0,0,0,3,0,0.00,0.04,0.04,0.00,0.04,Matches
313,Vitor Hugo\f2c1300a,br BRA,DF,Trabzonspor,30,1991,29,29,2463,27.4,1,1,1,0,0,2,1,0.04,0.04,0.07,0.04,0.07,Matches
314,Deniz Hummet\754f87d6,tr TUR,MFFW,Rizespor,24,1996,29,8,908,10.1,1,0,1,0,0,0,0,0.10,0.00,0.10,0.10,0.10,Matches
315,Atiba Hutchinson\f1b55719,ca CAN,MF,Beşiktaş,38,1983,25,14,1266,14.1,1,1,1,0,0,3,0,0.07,0.07,0.14,0.07,0.14,Matches
316,Didier Ibrahim Ndong\885b7aa7,ga GAB,MF,Yeni Mal'spor,27,1994,20,17,1445,16.1,0,1,0,0,0,5,0,0.00,0.06,0.06,0.00,0.06,Matches
317,Brown Ideye\f519b556,ng NGA,FW,Göztepe,32,1988,5,0,42,0.5,0,0,0,0,0,1,0,0.00,0.00,0.00,0.00,0.00,Matches
318,Edgar Ié\3767b3b7,pt POR,DF,Trabzonspor,27,1994,17,17,1524,16.9,0,0,0,0,0,6,0,0.00,0.00,0.00,0.00,0.00,Matches
319,Ahmed Ildiz\0601e541,tr TUR,MF,Alanyaspor,24,1996,8,1,212,2.4,0,0,0,0,0,0,0,0.00,0.00,0.00,0.00,0.00,Matches
320,Emirhan İlkhan\a47c6309,tr TUR,MF,Beşiktaş,17,2004,11,7,635,7.1,1,0,1,0,0,0,0,0.14,0.00,0.14,0.14,0.14,Matches
321,Gökhan Inler\3200c583,ch SUI,MF,Adana Demirspor,37,1984,30,21,1748,19.4,1,1,1,0,0,2,0,0.05,0.05,0.10,0.05,0.10,Matches
322,Adis Jahović\ac2e185b,mk MKD,FWMF,Göztepe,34,1987,32,16,1437,16.0,5,1,4,1,1,4,1,0.31,0.06,0.38,0.25,0.31,Matches
323,Leke James\2d45ce0a,ng NGA,FW,Sivasspor,28,1992,12,4,431,4.8,2,0,2,0,0,0,0,0.42,0.00,0.42,0.42,0.42,Matches
324,Jocelyn Janneh\0b79b8fa,sl SLE,MF,Kayserispor,18,2002,1,0,14,0.2,0,0,0,0,0,0,0,0.00,0.00,0.00,0.00,0.00,Matches
325,Jefferson\52e88991,br BRA,MF,Gaziantep FK,27,1994,7,5,417,4.6,0,0,0,0,0,0,0,0.00,0.00,0.00,0.00,0.00,Matches
326,Juanfran\9ba48d64,es ESP,DF,Alanyaspor,32,1988,37,34,3045,33.8,0,1,0,0,0,1,1,0.00,0.03,0.03,0.00,0.03,Matches
327,Nicolai Jørgensen\dff19848,dk DEN,FW,Kasımpaşa,30,1991,15,10,839,9.3,2,0,2,0,0,2,0,0.21,0.00,0.21,0.21,0.21,Matches
328,Ayoub El Kaabi\b1bfd1d4,ma MAR,MFFW,Hatayspor,28,1993,32,29,2437,27.1,18,2,17,1,1,2,0,0.66,0.07,0.74,0.63,0.70,Matches
329,Işık Kaan Arslan\524f20c8,tr TUR,DF,Galatasaray,20,2001,1,1,17,0.2,0,0,0,0,0,0,0,0.00,0.00,0.00,0.00,0.00,Matches
330,Deniz Kadah\fd91428a,tr TUR,FW,Altay,35,1986,10,5,467,5.2,1,0,0,1,1,0,0,0.19,0.00,0.19,0.00,0.00,Matches
331,Ferdi Kadioglu\66c52a77,nl NED,MFDF,Fenerbahçe,21,1999,28,26,2249,25.0,2,1,2,0,0,5,0,0.08,0.04,0.12,0.08,0.12,Matches
332,Kahraba\39f6a408,eg EGY,MF,Hatayspor,27,1994,11,3,302,3.4,1,4,1,0,0,0,0,0.30,1.19,1.49,0.30,1.49,Matches
333,İrfan Kahveci\d2800f47,tr TUR,MFFW,Fenerbahçe,26,1995,24,21,1629,18.1,4,6,4,0,1,7,1,0.22,0.33,0.55,0.22,0.55,Matches
334,Kerem Kalafat\ec531cdc,tr TUR,DF,Beşiktaş,20,2001,2,2,155,1.7,0,1,0,0,0,0,0,0.00,0.58,0.58,0.00,0.58,Matches
335,Berat Kalkan\b5315171,mk MKD,FW,Kasımpaşa,18,2003,1,0,2,0.0,0,0,0,0,0,0,0,0.00,0.00,0.00,0.00,0.00,Matches
336,Kesselly Kamara\6956396a,lr LBR,MFFW,Hatayspor,23,1997,23,7,796,8.8,4,0,4,0,0,5,0,0.45,0.00,0.45,0.45,0.45,Matches
337,Kaan Kanak\18337d69,tr TUR,DF,Adana Demirspor,30,1990,18,14,1271,14.1,0,2,0,0,0,0,0,0.00,0.14,0.14,0.00,0.14,Matches
338,Kubilay Kanatsızkuş\4aff8d83,tr TUR,FW,Yeni Mal'spor,24,1997,13,3,345,3.8,1,0,1,0,0,1,0,0.26,0.00,0.26,0.26,0.26,Matches
339,Kubilay Kanatsızkuş\4aff8d83,tr TUR,FWMF,Rizespor,24,1997,6,0,86,1.0,0,0,0,0,0,0,0,0.00,0.00,0.00,0.00,0.00,Matches
340,Burak Kapacak\2376dcd3,tr TUR,DF,Fenerbahçe,21,1999,6,0,31,0.3,0,0,0,0,0,0,0,0.00,0.00,0.00,0.00,0.00,Matches
341,Mustafa Kapı\ef6a4adc,tr TUR,MF,Adana Demirspor,18,2002,3,1,99,1.1,0,0,0,0,0,0,0,0.00,0.00,0.00,0.00,0.00,Matches
342,Ahmetcan Kaplan\c46366f5,tr TUR,DF,Trabzonspor,18,2003,13,9,885,9.8,0,1,0,0,0,0,0,0.00,0.10,0.10,0.00,0.10,Matches
343,Emre Kaplan\0eac2f24,az AZE,DF,Hatayspor,20,2001,5,2,257,2.9,0,0,0,0,0,1,0,0.00,0.00,0.00,0.00,0.00,Matches
344,Emre Kaplan\0eac2f24,az AZE,DF,Başakşehir,20,2001,2,0,4,0.0,0,0,0,0,0,0,0,0.00,0.00,0.00,0.00,0.00,Matches
345,Ferhat Kaplan\a98ec2da,tr TUR,GK,Adana Demirspor,32,1989,7,6,552,6.1,0,0,0,0,0,1,0,0.00,0.00,0.00,0.00,0.00,Matches
346,Leandro Kappel\a77074b7,sr SUR,MFFW,Altay,31,1989,38,32,2891,32.1,5,6,4,1,1,3,0,0.16,0.19,0.34,0.12,0.31,Matches
347,Aytaç Kara\94c79a82,tr TUR,MF,Göztepe,28,1993,7,4,358,4.0,0,1,0,0,0,2,0,0.00,0.25,0.25,0.00,0.25,Matches
348,Aytaç Kara\94c79a82,tr TUR,MF,Galatasaray,28,1993,6,1,233,2.6,0,0,0,0,0,2,0,0.00,0.00,0.00,0.00,0.00,Matches
349,Efecan Karaca\10c5ea2c,tr TUR,MFFW,Alanyaspor,31,1989,34,33,2779,30.9,5,12,4,1,1,4,1,0.16,0.39,0.55,0.13,0.52,Matches
350,Eren Karadağ\730c080a,tr TUR,MF,Rizespor,21,2000,5,0,27,0.3,0,0,0,0,0,0,0,0.00,0.00,0.00,0.00,0.00,Matches
351,Ahmet Karademir\70e40d4d,tr TUR,FW,Konyaspor,17,2004,1,0,1,0.0,0,0,0,0,0,0,0,0.00,0.00,0.00,0.00,0.00,Matches
352,Yusuf Karagöz\aadc0050,tr TUR,GK,Alanyaspor,21,1999,3,3,270,3.0,0,0,0,0,0,0,0,0.00,0.00,0.00,0.00,0.00,Matches
353,Vedat Karakuş\6634562e,tr TUR,GK,Adana Demirspor,23,1998,1,1,90,1.0,0,0,0,0,0,0,0,0.00,0.00,0.00,0.00,0.00,Matches
354,Kenan Karaman\8f0f2230,tr TUR,MFFW,Beşiktaş,27,1994,25,13,1226,13.6,2,1,2,0,0,1,0,0.15,0.07,0.22,0.15,0.22,Matches
355,Yann Karamoh\8b66d9cc,fr FRA,MFFW,Fatih Karagümrük,23,1998,32,19,1599,17.8,4,1,4,0,0,2,1,0.23,0.06,0.28,0.23,0.28,Matches
356,Kazımcan Karataş\812e5ded,tr TUR,DFMF,Altay,18,2003,23,15,1438,16.0,0,1,0,0,0,1,0,0.00,0.06,0.06,0.00,0.06,Matches
357,Talha Karataş\7b4e231e,nl NED,DF,Kayserispor,18,2003,1,0,45,0.5,0,1,0,0,0,0,0,0.00,2.00,2.00,0.00,2.00,Matches
358,Cebrail Karayel\2310ba31,tr TUR,DFMF,Altay,26,1994,30,28,2456,27.3,1,4,1,0,0,7,1,0.04,0.15,0.18,0.04,0.18,Matches
359,Erce Kardeşler\94b3ccdb,tr TUR,GK,Trabzonspor,27,1994,2,1,102,1.1,0,0,0,0,0,2,0,0.00,0.00,0.00,0.00,0.00,Matches
360,Semih Kaya\0446d684,tr TUR,DF,Yeni Mal'spor,30,1991,21,20,1718,19.1,0,0,0,0,0,1,0,0.00,0.00,0.00,0.00,0.00,Matches
361,Semih Kaya\0446d684,tr TUR,DF,Galatasaray,30,1991,2,2,180,2.0,0,0,0,0,0,0,0,0.00,0.00,0.00,0.00,0.00,Matches
362,Yalçın Kayan\c9cc1e5b,tr TUR,MFFW,Göztepe,22,1999,29,16,1480,16.4,0,0,0,0,0,2,1,0.00,0.00,0.00,0.00,0.00,Matches
363,Olarenwaju Kayode\d3272fba,ng NGA,FWMF,Sivasspor,28,1993,33,18,1650,18.3,6,1,6,0,0,1,1,0.33,0.05,0.38,0.33,0.38,Matches
364,Olivier Kemen\22f1de6c,fr FRA,MF,Kayserispor,25,1996,22,13,1266,14.1,1,0,1,0,0,4,0,0.07,0.00,0.07,0.07,0.07,Matches
365,Ekrem Kılıçarslan\69fbfa0e,tr TUR,GK,Gaziantep FK,23,1997,1,0,42,0.5,0,0,0,0,0,0,0,0.00,0.00,0.00,0.00,0.00,Matches
366,Emre Kılınç\bab440b1,tr TUR,MF,Galatasaray,26,1994,27,14,1212,13.5,3,1,3,0,0,4,0,0.22,0.07,0.30,0.22,0.30,Matches
367,Serkan Kırıntılı\53b03dac,tr TUR,GK,Alanyaspor,36,1985,19,19,1710,19.0,0,0,0,0,0,2,0,0.00,0.00,0.00,0.00,0.00,Matches
368,Stelios Kitsiou\8982de23,gr GRE,MFDF,Gaziantep FK,27,1993,32,26,2488,27.6,0,1,0,0,0,9,0,0.00,0.04,0.04,0.00,0.04,Matches
369,Alberk Koç\17b312f7,tr TUR,DF,Konyaspor,24,1997,2,0,8,0.1,0,0,0,0,0,0,0,0.00,0.00,0.00,0.00,0.00,Matches
370,Alberk Koç\17b312f7,tr TUR,DF,Rizespor,24,1997,10,2,295,3.3,0,0,0,0,0,0,0,0.00,0.00,0.00,0.00,0.00,Matches
371,Arif Kocaman\db58bfa7,tr TUR,DF,Kayserispor,17,2003,1,0,31,0.3,0,0,0,0,0,0,0,0.00,0.00,0.00,0.00,0.00,Matches
372,Okan Kocuk\7e9fd9b9,tr TUR,GK,Giresunspor,26,1995,32,32,2880,32.0,0,0,0,0,0,0,0,0.00,0.00,0.00,0.00,0.00,Matches
373,Bengali-Fodé Koita\cbd4822d,gn GUI,FWMF,Trabzonspor,30,1990,18,0,187,2.1,0,1,0,0,0,1,0,0.00,0.48,0.48,0.00,0.48,Matches
374,Koka\9fc2531b,eg EGY,FW,Konyaspor,28,1993,30,14,1369,15.2,8,4,7,1,1,2,0,0.53,0.26,0.79,0.46,0.72,Matches
375,Dimitrios Kolovetsios\53f2c70d,gr GRE,DF,Kayserispor,29,1991,21,20,1790,19.9,1,0,1,0,0,4,1,0.05,0.00,0.05,0.05,0.05,Matches
376,Moussa Konaté\fcbcbd94,sn SEN,FW,Sivasspor,28,1993,12,1,237,2.6,0,0,0,0,0,1,0,0.00,0.00,0.00,0.00,0.00,Matches
377,Kasım Köşker\8b53429b,tr TUR,MF,Giresunspor,18,2003,1,0,32,0.4,0,0,0,0,0,0,0,0.00,0.00,0.00,0.00,0.00,Matches
378,İsmail Köybaşı\58640e66,tr TUR,DF,Trabzonspor,32,1989,13,12,961,10.7,0,0,0,0,0,1,0,0.00,0.00,0.00,0.00,0.00,Matches
379,Nurettin Kücükdeniz\c54a6bde,tr TUR,FW,Altay,17,2004,3,0,42,0.5,0,0,0,0,0,0,0,0.00,0.00,0.00,0.00,0.00,Matches
380,Fyodor Kudryashov\ae2d3552,ru RUS,DF,Antalyaspor,34,1987,29,25,2257,25.1,1,0,1,0,0,2,0,0.04,0.00,0.04,0.04,0.04,Matches
381,Sinan Kurt\af731e9a,tr TUR,MF,Adana Demirspor,25,1996,25,18,1620,18.0,0,1,0,0,0,1,0,0.00,0.06,0.06,0.00,0.06,Matches
382,Arda Kurtulan\633acacc,tr TUR,FW,Fenerbahçe,18,2002,1,0,7,0.1,0,0,0,0,0,0,0,0.00,0.00,0.00,0.00,0.00,Matches
383,Fatih Kuruçuk\0de62c80,tr TUR,DF,Hatayspor,23,1998,28,25,2360,26.2,0,1,0,0,0,7,0,0.00,0.04,0.04,0.00,0.04,Matches
384,Çağtay Kurukalıp\e70fabb4,tr TUR,DF,Fenerbahçe,19,2002,2,1,91,1.0,0,0,0,0,0,0,0,0.00,0.00,0.00,0.00,0.00,Matches
385,Berkan Kutlu\794364d7,tr TUR,MF,Galatasaray,23,1998,35,33,2850,31.7,0,3,0,0,0,5,1,0.00,0.09,0.09,0.00,0.09,Matches
386,Ahmed Kutucu\beda9675,tr TUR,FWMF,Başakşehir,21,2000,3,0,40,0.4,0,0,0,0,0,0,0,0.00,0.00,0.00,0.00,0.00,Matches
387,Furkan Kütük\67acca63,tr TUR,MF,Giresunspor,18,2002,1,1,90,1.0,0,0,0,0,0,1,0,0.00,0.00,0.00,0.00,0.00,Matches
388,Zoran Kvržić\bcd1bea2,ba BIH,MF,Kayserispor,32,1988,1,1,90,1.0,0,0,0,0,0,0,0,0.00,0.00,0.00,0.00,0.00,Matches
389,Cyle Larin\e7af9060,ca CAN,MFFW,Beşiktaş,26,1995,29,19,1753,19.5,7,1,7,0,0,3,1,0.36,0.05,0.41,0.36,0.41,Matches
390,Joseph Larweh Attamah\958aba30,gh GHA,MFDF,Kayserispor,27,1994,30,21,2030,22.6,2,1,2,0,0,2,0,0.09,0.04,0.13,0.09,0.13,Matches
391,Lucas Lima\0f52f925,br BRA,DF,Başakşehir,29,1991,29,20,1840,20.4,0,0,0,0,0,2,0,0.00,0.00,0.00,0.00,0.00,Matches
392,Mateusz Lis\fd78b105,pl POL,GK,Altay,24,1997,35,35,3150,35.0,0,0,0,0,0,3,0,0.00,0.00,0.00,0.00,0.00,Matches
393,Saba Lobzhanidze\84d6ce13,ge GEO,MF,Hatayspor,26,1994,37,28,2433,27.0,8,8,8,0,0,2,0,0.30,0.30,0.59,0.30,0.59,Matches
394,Lourency\a2496cc7,br BRA,MFFW,Göztepe,25,1996,30,14,1288,14.3,2,2,2,0,0,7,0,0.14,0.14,0.28,0.14,0.28,Matches
395,Derrick Luckassen\30a09cb5,nl NED,DF,Fatih Karagümrük,26,1995,20,19,1615,17.9,0,0,0,0,0,3,2,0.00,0.00,0.00,0.00,0.00,Matches
396,Silviu Lung Jr.\336b7d28,ro ROU,GK,Kayserispor,32,1989,30,30,2700,30.0,0,0,0,0,0,3,0,0.00,0.00,0.00,0.00,0.00,Matches
397,Christian Luyindama\d8feae4a,cd COD,DF,Galatasaray,27,1994,8,7,658,7.3,1,0,1,0,0,3,0,0.14,0.00,0.14,0.14,0.14,Matches
398,Davidson da Luz Pereira\b0c12a65,br BRA,MF,Alanyaspor,30,1991,22,20,1713,19.0,6,4,6,0,0,4,0,0.32,0.21,0.53,0.32,0.53,Matches
399,Paul-Jose M'Poku\6ec1ddf1,cd COD,MF,Konyaspor,29,1992,27,8,892,9.9,3,0,3,0,0,2,0,0.30,0.00,0.30,0.30,0.30,Matches
400,Awer Mabil\922da988,au AUS,MF,Kasımpaşa,25,1995,11,4,390,4.3,2,1,2,0,0,2,1,0.46,0.23,0.69,0.46,0.69,Matches
401,Stevie Mallan\b1e47e4f,sct SCO,MFDF,Yeni Mal'spor,25,1996,18,9,834,9.3,0,0,0,0,0,1,0,0.00,0.00,0.00,0.00,0.00,Matches
402,Yunus Mallı\f3722c97,tr TUR,FWMF,Trabzonspor,29,1992,7,0,56,0.6,0,0,0,0,0,1,0,0.00,0.00,0.00,0.00,0.00,Matches
403,El Mamy Tetah\20e63471,mr MTN,FW,Alanyaspor,19,2001,1,0,9,0.1,0,0,0,0,0,0,0,0.00,0.00,0.00,0.00,0.00,Matches
404,Carlos Mané\7a854622,pt POR,MF,Kayserispor,27,1994,29,6,1027,11.4,2,0,2,0,0,2,0,0.18,0.00,0.18,0.18,0.18,Matches
405,Marcão\133faa84,br BRA,DF,Galatasaray,25,1996,26,26,2275,25.3,0,0,0,0,0,9,1,0.00,0.00,0.00,0.00,0.00,Matches
406,Alexandru Maxim\61fc9685,ro ROU,MFFW,Gaziantep FK,31,1990,31,28,2487,27.6,14,7,6,8,8,7,0,0.51,0.25,0.76,0.22,0.47,Matches
407,Admir Mehmedi\b500b384,ch SUI,MF,Antalyaspor,30,1991,7,3,298,3.3,1,0,1,0,0,1,0,0.30,0.00,0.30,0.30,0.30,Matches
408,Ronaldo Mendes\903e95f4,br BRA,MF,Rizespor,28,1992,12,4,494,5.5,1,0,1,0,0,0,0,0.18,0.00,0.18,0.18,0.18,Matches
409,Hamza Mendyl\f99fe221,ma MAR,MFDF,Gaziantep FK,23,1997,22,10,1037,11.5,1,2,1,0,0,7,1,0.09,0.17,0.26,0.09,0.26,Matches
410,Bernard Mensah\91947112,gh GHA,MFFW,Kayserispor,26,1994,6,6,473,5.3,2,3,2,0,0,1,0,0.38,0.57,0.95,0.38,0.95,Matches
411,Umut Meraş\c8112d1e,tr TUR,DFMF,Beşiktaş,25,1995,22,14,1343,14.9,0,2,0,0,0,2,0,0.00,0.13,0.13,0.00,0.13,Matches
412,Levent Mercan\33340bd6,de GER,MF,Fatih Karagümrük,20,2000,18,3,500,5.6,0,0,0,0,0,1,0,0.00,0.00,0.00,0.00,0.00,Matches
413,Alexander Merkel\5181e2cb,kz KAZ,MF,Gaziantep FK,29,1992,24,11,1010,11.2,1,1,1,0,0,2,0,0.09,0.09,0.18,0.09,0.18,Matches
414,Yıldırım Mert Çetin\c730da00,tr TUR,DF,Kayserispor,24,1997,10,10,819,9.1,1,0,1,0,0,2,0,0.11,0.00,0.11,0.11,0.11,Matches
415,Berat Mert\a5ea0127,tr TUR,DF,Yeni Mal'spor,16,2004,3,0,33,0.4,0,0,0,0,0,0,0,0.00,0.00,0.00,0.00,0.00,Matches
416,Muhammed Mert\4a3f9303,be BEL,MF,Hatayspor,26,1995,15,3,384,4.3,0,0,0,0,0,0,0,0.00,0.00,0.00,0.00,0.00,Matches
417,Ahmed El Messaoudi\d09f9118,ma MAR,MF,Gaziantep FK,25,1995,16,3,436,4.8,0,0,0,0,0,2,0,0.00,0.00,0.00,0.00,0.00,Matches
418,Miha Mevlja\8229a21c,si SVN,DF,Alanyaspor,31,1990,14,11,1038,11.5,0,0,0,0,0,0,0,0.00,0.00,0.00,0.00,0.00,Matches
419,Max Meyer\eba42d2b,de GER,MF,Fenerbahçe,25,1995,6,3,220,2.4,0,0,0,0,0,0,0,0.00,0.00,0.00,0.00,0.00,Matches
420,Konrad Michalak\d2047a08,pl POL,MF,Konyaspor,23,1997,35,14,1489,16.5,3,4,3,0,0,0,0,0.18,0.24,0.42,0.18,0.42,Matches
421,Marko Mihojević\99173ab5,ba BIH,DF,Göztepe,25,1996,4,3,287,3.2,0,0,0,0,0,0,0,0.00,0.00,0.00,0.00,0.00,Matches
422,Deni Milošević\b45e185a,ba BIH,MF,Antalyaspor,26,1995,15,5,491,5.5,0,0,0,0,0,1,0,0.00,0.00,0.00,0.00,0.00,Matches
423,Nemanja Milunović\746b64a7,rs SRB,DF,Alanyaspor,32,1989,27,23,2098,23.3,1,1,1,0,0,6,0,0.04,0.04,0.09,0.04,0.09,Matches
424,Metehan Mimaroğlu\d515ee3e,tr TUR,MF,Adana Demirspor,27,1994,9,1,209,2.3,0,0,0,0,0,1,0,0.00,0.00,0.00,0.00,0.00,Matches
425,Kim Min-jae\e0f8151c,kr KOR,DF,Fenerbahçe,24,1996,31,31,2668,29.6,1,0,1,0,0,6,1,0.03,0.00,0.03,0.03,0.03,Matches
426,Mert Miraç Altıntaş\00d62a4e,tr TUR,FWMF,Yeni Mal'spor,19,2001,15,3,310,3.4,0,0,0,0,0,0,0,0.00,0.00,0.00,0.00,0.00,Matches
427,Mostafa Mohamed\595e6f3e,eg EGY,FW,Galatasaray,23,1997,27,10,1108,12.3,7,3,7,0,1,4,0,0.57,0.24,0.81,0.57,0.81,Matches
428,Francisco Montero\3e96f3e7,es ESP,DF,Beşiktaş,22,1999,17,15,1347,15.0,1,1,1,0,0,8,2,0.07,0.07,0.13,0.07,0.13,Matches
429,Emre Mor\0c3f7197,tr TUR,MF,Fatih Karagümrük,24,1997,26,21,1726,19.2,5,3,5,0,0,4,0,0.26,0.16,0.42,0.26,0.42,Matches
430,Olimpiu Moruțan\35f67791,ro ROU,MF,Galatasaray,22,1999,26,13,1049,11.7,3,3,3,0,0,1,0,0.26,0.26,0.51,0.26,0.51,Matches
431,François Moubandje\6ca88b2a,ch SUI,MFDF,Göztepe,31,1990,8,6,520,5.8,0,1,0,0,0,3,1,0.00,0.17,0.17,0.00,0.17,Matches
432,Atakan Müjde\25cf7c9a,tr TUR,MF,Yeni Mal'spor,18,2003,6,3,290,3.2,0,0,0,0,0,3,0,0.00,0.00,0.00,0.00,0.00,Matches
433,Paul Mukairu\dbfbdf06,ng NGA,FWMF,Antalyaspor,21,2000,17,14,1072,11.9,3,0,3,0,0,1,0,0.25,0.00,0.25,0.25,0.25,Matches
434,Jackson Muleka\383e8f03,cd COD,FWMF,Kasımpaşa,21,1999,14,11,1062,11.8,12,4,12,0,0,2,0,1.02,0.34,1.36,1.02,1.36,Matches
435,Munir\fc8287db,ma MAR,GK,Hatayspor,32,1989,34,34,3060,34.0,0,0,0,0,0,3,0,0.00,0.00,0.00,0.00,0.00,Matches
436,Arijanet Muric\99aa1a84,xk KVX,GK,Adana Demirspor,22,1998,31,31,2778,30.9,0,0,0,0,0,3,0,0.00,0.00,0.00,0.00,0.00,Matches
437,Ahmed Musa\b7084daf,ng NGA,MFFW,Fatih Karagümrük,28,1992,31,20,1737,19.3,2,2,2,0,0,1,0,0.10,0.10,0.21,0.10,0.21,Matches
438,Fernando Muslera\a2abe631,uy URU,GK,Galatasaray,35,1986,25,25,2242,24.9,0,0,0,0,0,3,0,0.00,0.00,0.00,0.00,0.00,Matches
439,Georges-Kévin N'Koudou\76c131da,fr FRA,MFFW,Beşiktaş,26,1995,16,6,558,6.2,4,0,3,1,1,1,0,0.65,0.00,0.65,0.48,0.48,Matches
440,Fabrice N'Sakala\de85e3cc,cd COD,DF,Beşiktaş,31,1990,4,4,345,3.8,0,0,0,0,0,1,0,0.00,0.00,0.00,0.00,0.00,Matches
441,Mohammad Naderi\989402ac,ir IRN,DF,Altay,24,1996,24,22,1626,18.1,1,1,1,0,0,5,1,0.06,0.06,0.11,0.06,0.11,Matches
442,Naldo\a2609621,br BRA,DF,Antalyaspor,32,1988,36,29,2707,30.1,4,0,4,0,0,7,0,0.13,0.00,0.13,0.13,0.13,Matches
443,Umut Nayir\fc4ab056,tr TUR,FW,Giresunspor,28,1993,32,18,1691,18.8,7,1,7,0,0,1,0,0.37,0.05,0.43,0.37,0.43,Matches
444,Alassane Ndao\6abe11e6,sn SEN,MF,Antalyaspor,24,1996,15,14,925,10.3,3,0,3,0,0,2,0,0.29,0.00,0.29,0.29,0.29,Matches
445,Youssouf Ndayishimiye\65c55288,bi BDI,DFMF,Başakşehir,22,1998,27,26,2284,25.4,1,3,1,0,0,4,0,0.04,0.12,0.16,0.04,0.16,Matches
446,Cherif Ndiaye\858a54c3,sn SEN,FWMF,Göztepe,25,1996,30,26,2123,23.6,10,2,7,3,3,3,1,0.42,0.08,0.51,0.30,0.38,Matches
447,Victor Nelsson\e53b5534,dk DEN,DF,Galatasaray,22,1998,36,36,3240,36.0,1,0,1,0,0,7,0,0.03,0.00,0.03,0.03,0.03,Matches
448,Recep Niyaz\9a2b8732,tr TUR,MF,Gaziantep FK,25,1995,29,22,1887,21.0,1,1,1,0,0,4,0,0.05,0.05,0.10,0.05,0.10,Matches
449,Emre Nizam\2c211f9f,tr TUR,FW,Giresunspor,19,2002,1,0,1,0.0,0,0,0,0,0,0,0,0.00,0.00,0.00,0.00,0.00,Matches
450,João Novais\282faa70,pt POR,MF,Alanyaspor,28,1993,29,22,1835,20.4,3,8,3,0,0,6,0,0.15,0.39,0.54,0.15,0.54,Matches
451,Filip Novák\e0f613ad,cz CZE,DF,Fenerbahçe,31,1990,20,14,1418,15.8,3,2,3,0,0,5,1,0.19,0.13,0.32,0.19,0.32,Matches
452,Jospin Nshimirimana\2419504f,bi BDI,MF,Yeni Mal'spor,19,2001,23,13,1279,14.2,0,0,0,0,0,10,1,0.00,0.00,0.00,0.00,0.00,Matches
453,Atınç Nukan\138c870c,tr TUR,DF,Göztepe,28,1993,20,20,1782,19.8,3,1,3,0,0,4,0,0.15,0.05,0.20,0.15,0.20,Matches
454,Anthony Nwakaeme\f30a4ab1,ng NGA,MF,Trabzonspor,32,1989,30,27,2254,25.0,13,10,11,2,2,3,0,0.52,0.40,0.92,0.44,0.84,Matches
455,Obinna Nwobodo\897c8066,ng NGA,MF,Göztepe,24,1996,29,29,2501,27.8,0,1,0,0,0,12,1,0.00,0.04,0.04,0.00,0.04,Matches
456,Ahmet Oğuz\a84d1dc0,tr TUR,DF,Sivasspor,28,1993,26,23,1898,21.1,1,0,1,0,0,7,0,0.05,0.00,0.05,0.05,0.05,Matches
457,Stefano Okaka\601ef102,it ITA,FW,Başakşehir,31,1989,31,29,2658,29.5,12,3,12,0,0,6,0,0.41,0.10,0.51,0.41,0.51,Matches
458,Burak Öksüz\4937de66,tr TUR,DF,Hatayspor,25,1996,33,31,2748,30.5,0,2,0,0,0,2,0,0.00,0.07,0.07,0.00,0.07,Matches
459,Paweł Olkowski\896c126c,pl POL,DF,Gaziantep FK,31,1990,2,1,115,1.3,0,0,0,0,0,0,0,0.00,0.00,0.00,0.00,0.00,Matches
460,Abdülkadir Ömür\6456e745,tr TUR,MF,Trabzonspor,22,1999,33,27,2176,24.2,7,3,7,0,0,1,0,0.29,0.12,0.41,0.29,0.41,Matches
461,Kaan Onaran\8fede218,tr TUR,MF,Sivasspor,17,2004,1,0,2,0.0,0,0,0,0,0,0,0,0.00,0.00,0.00,0.00,0.00,Matches
462,Samed Onur\14866457,tr TUR,FW,Fatih Karagümrük,19,2002,8,0,85,0.9,1,0,1,0,0,0,0,1.06,0.00,1.06,1.06,1.06,Matches
463,Cekdar Orhan\2f518001,tr TUR,MF,Giresunspor,23,1998,1,0,6,0.1,0,0,0,0,0,0,0,0.00,0.00,0.00,0.00,0.00,Matches
464,Bright Osayi-Samuel\03b6afa9,eng ENG,MFDF,Fenerbahçe,23,1997,31,27,2364,26.3,1,3,1,0,0,4,0,0.04,0.11,0.15,0.04,0.15,Matches
465,Haqi Osman\db0ee2aa,gh GHA,FW,Yeni Mal'spor,19,2002,16,2,347,3.9,0,0,0,0,0,0,0,0.00,0.00,0.00,0.00,0.00,Matches
466,Caner Osmanpaşa\35c54115,tr TUR,DF,Sivasspor,33,1988,32,31,2782,30.9,1,0,1,0,0,2,0,0.03,0.00,0.03,0.03,0.03,Matches
467,Şener Özbayraklı\952e0df2,tr TUR,DF,Başakşehir,31,1990,9,3,239,2.7,0,0,0,0,0,0,0,0.00,0.00,0.00,0.00,0.00,Matches
468,Ertaç Özbir\1234bedf,tr TUR,GK,Yeni Mal'spor,31,1989,29,29,2561,28.5,0,0,0,0,0,0,0,0.00,0.00,0.00,0.00,0.00,Matches
469,Berkay Özcan\31114001,tr TUR,MF,Başakşehir,23,1998,35,30,2483,27.6,3,1,3,0,0,1,0,0.11,0.04,0.14,0.11,0.14,Matches
470,Erdem Özcan\f19921c7,tr TUR,FW,Altay,18,2002,3,0,82,0.9,0,0,0,0,0,0,0,0.00,0.00,0.00,0.00,0.00,Matches
471,Arda Özçimen\111e4cd3,tr TUR,GK,Göztepe,19,2002,4,4,360,4.0,0,0,0,0,0,0,0,0.00,0.00,0.00,0.00,0.00,Matches
472,Soner Özdemir\c155219e,tr TUR,MF,Rizespor,18,2003,1,0,3,0.0,0,0,0,0,0,0,0,0.00,0.00,0.00,0.00,0.00,Matches
473,Berke Özer\0743d0ec,tr TUR,GK,Fenerbahçe,21,2000,14,13,1183,13.1,0,0,0,0,0,2,0,0.00,0.00,0.00,0.00,0.00,Matches
474,Kenan Özer\ef870342,tr TUR,DFMF,Yeni Mal'spor,33,1987,12,9,692,7.7,1,1,1,0,0,1,1,0.13,0.13,0.26,0.13,0.26,Matches
475,Kenan Özer\ef870342,tr TUR,MF,Gaziantep FK,33,1987,11,1,266,3.0,0,0,0,0,0,2,0,0.00,0.00,0.00,0.00,0.00,Matches
476,Bertuğ Özgür Yıldırım\7410d325,tr TUR,FW,Hatayspor,19,2002,16,1,211,2.3,1,1,1,0,0,2,0,0.43,0.43,0.85,0.43,0.85,Matches
477,Mesut Özil\16380240,de GER,MF,Fenerbahçe,32,1988,22,14,1243,13.8,8,2,4,4,4,0,0,0.58,0.14,0.72,0.29,0.43,Matches
478,Özgür Özkaya\4085e66b,tr TUR,DF,Altay,33,1988,9,5,375,4.2,0,0,0,0,0,2,0,0.00,0.00,0.00,0.00,0.00,Matches
479,Ege Özkayimoglu\788b1f22,tr TUR,MF,Göztepe,20,2001,11,1,227,2.5,0,0,0,0,0,1,0,0.00,0.00,0.00,0.00,0.00,Matches
480,Hakan Özmert\16942a77,tr TUR,MF,Antalyaspor,36,1985,25,11,984,10.9,0,1,0,0,0,3,0,0.00,0.09,0.09,0.00,0.09,Matches
481,Erhun Oztumer\327092e2,tr TUR,MF,Fatih Karagümrük,30,1991,18,8,798,8.9,0,2,0,0,0,3,0,0.00,0.23,0.23,0.00,0.23,Matches
482,Erhun Oztumer\327092e2,tr TUR,MF,Adana Demirspor,30,1991,7,1,165,1.8,1,0,1,0,0,0,0,0.55,0.00,0.55,0.55,0.55,Matches
483,Alpaslan Öztürk\225647e2,tr TUR,DFMF,Galatasaray,28,1993,11,6,623,6.9,0,0,0,0,0,2,0,0.00,0.00,0.00,0.00,0.00,Matches
484,Bahadır Öztürk\5ac0402b,tr TUR,DF,Antalyaspor,25,1995,10,3,224,2.5,0,0,0,0,0,0,0,0.00,0.00,0.00,0.00,0.00,Matches
485,Fatih Öztürk\88b5445c,tr TUR,GK,Galatasaray,34,1986,1,1,90,1.0,0,0,0,0,0,1,0,0.00,0.00,0.00,0.00,0.00,Matches
486,İbrahim Öztürk\259d540f,tr TUR,DF,Altay,40,1981,25,18,1716,19.1,1,0,1,0,0,2,0,0.05,0.00,0.05,0.05,0.05,Matches
487,Oğuzhan Özyakup\d8c679be,tr TUR,MF,Beşiktaş,28,1992,13,7,606,6.7,0,1,0,0,0,3,0,0.00,0.15,0.15,0.00,0.15,Matches
488,Marco Paixão\6eefde4c,pt POR,FW,Altay,36,1984,23,4,665,7.4,2,0,1,1,2,3,0,0.27,0.00,0.27,0.14,0.14,Matches
489,Murat Paluli\2f5b4f08,tr TUR,MFDF,Göztepe,26,1994,22,21,1739,19.3,0,1,0,0,0,5,0,0.00,0.05,0.05,0.00,0.05,Matches
490,İlhan Parlak\31764553,tr TUR,FWMF,Kayserispor,34,1987,27,8,796,8.8,2,1,2,0,0,1,0,0.23,0.11,0.34,0.23,0.34,Matches
491,Abdülkadir Parmak\ce5a24b9,tr TUR,MF,Kayserispor,26,1994,13,11,943,10.5,1,2,1,0,0,1,0,0.10,0.19,0.29,0.10,0.29,Matches
492,Abdülkadir Parmak\ce5a24b9,tr TUR,MF,Trabzonspor,26,1994,4,0,22,0.2,0,0,0,0,0,0,0,0.00,0.00,0.00,0.00,0.00,Matches
493,Halil Pehlivan\3a50ff6b,tr TUR,DFMF,Gaziantep FK,27,1993,24,15,1283,14.3,0,1,0,0,0,1,0,0.00,0.07,0.07,0.00,0.07,Matches
494,Yasin Pehlivan\8bf997e3,at AUT,MF,Rizespor,32,1989,11,4,409,4.5,0,0,0,0,0,1,0,0.00,0.00,0.00,0.00,0.00,Matches
495,Mustafa Pektemek\157c5e0b,tr TUR,FW,Kayserispor,32,1988,27,12,1101,12.2,3,2,3,0,0,1,0,0.25,0.16,0.41,0.25,0.41,Matches
496,Dimitris Pelkas\33bd3dae,gr GRE,MF,Fenerbahçe,27,1993,23,8,772,8.6,4,0,4,0,0,2,0,0.47,0.00,0.47,0.47,0.47,Matches
497,Joey Pelupessy\f9575abf,nl NED,MF,Giresunspor,28,1993,20,9,819,9.1,0,0,0,0,0,1,1,0.00,0.00,0.00,0.00,0.00,Matches
498,Iñaki Peña\cc1c5035,es ESP,GK,Galatasaray,22,1999,6,6,540,6.0,0,0,0,0,0,1,0,0.00,0.00,0.00,0.00,0.00,Matches
499,Bruno Peres\852351df,br BRA,DF,Trabzonspor,31,1990,27,25,2149,23.9,1,1,0,1,1,7,1,0.04,0.04,0.08,0.00,0.04,Matches
500,Alexis Pérez\14c35d1a,co COL,DF,Giresunspor,27,1994,34,34,3051,33.9,2,1,2,0,0,8,1,0.06,0.03,0.09,0.06,0.09,Matches
501,Aleksandar Pešić\a2f2d806,rs SRB,FW,Fatih Karagümrük,29,1992,31,28,2477,27.5,14,4,12,2,3,3,0,0.51,0.15,0.65,0.44,0.58,Matches
502,Lebogang Phiri\b6dac747,za RSA,MF,Rizespor,26,1994,16,10,1001,11.1,0,2,0,0,0,4,0,0.00,0.18,0.18,0.00,0.18,Matches
503,Sergen Piçinciol\622760b1,tr TUR,DF,Giresunspor,25,1995,16,7,758,8.4,0,0,0,0,0,4,0,0.00,0.00,0.00,0.00,0.00,Matches
504,César Pinares\e33dbe40,cl CHI,MF,Altay,30,1991,27,25,1956,21.7,3,4,3,0,0,10,1,0.14,0.18,0.32,0.14,0.32,Matches
505,Onurcan Piri\0984edd0,tr TUR,GK,Giresunspor,26,1994,6,6,502,5.6,0,0,0,0,0,2,0,0.00,0.00,0.00,0.00,0.00,Matches
506,Kenan Pirić\00b86f5e,ba BIH,GK,Göztepe,27,1994,4,4,360,4.0,0,0,0,0,0,0,0,0.00,0.00,0.00,0.00,0.00,Matches
507,Pizzi\96094cbc,pt POR,MF,Başakşehir,31,1989,10,4,260,2.9,1,1,1,0,0,0,0,0.35,0.35,0.69,0.35,0.69,Matches
508,Miralem Pjanić\ad6df2d5,ba BIH,MF,Beşiktaş,31,1990,20,16,1394,15.5,0,2,0,0,0,5,1,0.00,0.13,0.13,0.00,0.13,Matches
509,Joel Pohjanpalo\ea003d07,fi FIN,FW,Rizespor,26,1994,33,25,2105,23.4,16,1,11,5,5,0,0,0.68,0.04,0.73,0.47,0.51,Matches
510,Andrea Poli\b3fd7075,it ITA,MF,Antalyaspor,31,1989,28,20,1736,19.3,0,2,0,0,0,5,0,0.00,0.10,0.10,0.00,0.10,Matches
511,Carlos Ponck\b1579026,cv CPV,DF,Başakşehir,26,1995,6,2,222,2.5,0,0,0,0,0,2,0,0.00,0.00,0.00,0.00,0.00,Matches
512,Carlos Ponck\b1579026,cv CPV,DF,Rizespor,26,1995,13,13,1170,13.0,0,1,0,0,0,5,0,0.00,0.08,0.08,0.00,0.08,Matches
513,Strahil Popov\2940a5b4,bg BUL,DF,Hatayspor,30,1990,4,2,228,2.5,0,0,0,0,0,0,0,0.00,0.00,0.00,0.00,0.00,Matches
514,Alper Potuk\dade14fe,tr TUR,MF,Rizespor,30,1991,22,14,1236,13.7,0,0,0,0,0,3,1,0.00,0.00,0.00,0.00,0.00,Matches
515,Tymoteusz Puchacz\c68b1b13,pl POL,DF,Trabzonspor,22,1999,9,8,734,8.2,0,0,0,0,0,0,0,0.00,0.00,0.00,0.00,0.00,Matches
516,Erick Pulgar\4611e028,cl CHI,MF,Galatasaray,27,1994,11,7,602,6.7,0,0,0,0,0,2,0,0.00,0.00,0.00,0.00,0.00,Matches
517,Amar Rahmanović\3cbc3982,ba BIH,MF,Konyaspor,27,1994,31,13,1380,15.3,6,1,6,0,0,4,1,0.39,0.07,0.46,0.39,0.46,Matches
518,Joher Rassoul\c82f3e56,sn SEN,DF,Adana Demirspor,25,1995,25,20,1734,19.3,0,0,0,0,0,2,0,0.00,0.00,0.00,0.00,0.00,Matches
519,Loïc Rémy\5c2da10f,fr FRA,FW,Adana Demirspor,34,1987,2,0,29,0.3,0,0,0,0,1,0,0,0.00,0.00,0.00,0.00,0.00,Matches
520,Loïc Rémy\5c2da10f,fr FRA,FW,Rizespor,34,1987,8,2,266,3.0,0,0,0,0,0,0,0,0.00,0.00,0.00,0.00,0.00,Matches
521,Rúben Tiago Rodrigues Ribeiro\3493992e,pt POR,MF,Hatayspor,33,1987,29,29,2362,26.2,2,3,2,0,0,9,2,0.08,0.11,0.19,0.08,0.19,Matches
522,Martín Rodríguez\c075b5f0,cl CHI,MFFW,Altay,26,1994,29,25,2116,23.5,3,1,3,0,0,4,0,0.13,0.04,0.17,0.13,0.17,Matches
523,Valentin Rosier\9b6d9b53,fr FRA,DFMF,Beşiktaş,24,1996,31,31,2707,30.1,1,4,1,0,0,10,3,0.03,0.13,0.17,0.03,0.17,Matches
524,Diego Rossi\a81dba8c,uy URU,MFFW,Fenerbahçe,23,1998,31,25,1963,21.8,6,7,6,0,0,2,0,0.28,0.32,0.60,0.28,0.60,Matches
525,Serdar Saatçı\760fd987,tr TUR,DF,Beşiktaş,18,2003,11,8,856,9.5,1,1,1,0,0,3,0,0.11,0.11,0.21,0.11,0.21,Matches
526,Erik Sabo\dbec1c01,sk SVK,MF,Rizespor,29,1991,34,25,2086,23.2,1,2,1,0,0,6,0,0.04,0.09,0.13,0.04,0.13,Matches
527,Isaac Sackey\eb000b44,gh GHA,DFMF,Hatayspor,27,1994,26,20,1665,18.5,0,0,0,0,0,6,0,0.00,0.00,0.00,0.00,0.00,Matches
528,Loret Sadiku\ec5867a5,al ALB,MF,Kasımpaşa,30,1991,11,11,892,9.9,1,0,1,0,0,4,0,0.10,0.00,0.10,0.10,0.10,Matches
529,Ángelo Sagal\a213be30,cl CHI,MFFW,Gaziantep FK,28,1993,30,22,1902,21.1,3,1,2,1,1,7,1,0.14,0.05,0.19,0.09,0.14,Matches
530,Cenk Şahin\75f08ea6,tr TUR,FWMF,Gaziantep FK,26,1994,2,0,46,0.5,0,0,0,0,0,0,0,0.00,0.00,0.00,0.00,0.00,Matches
531,Nuri Şahin\f4081572,tr TUR,MF,Antalyaspor,32,1988,8,8,607,6.7,0,0,0,0,0,0,0,0.00,0.00,0.00,0.00,0.00,Matches
532,Sedat Şahintürk\3bf60dd4,tr TUR,FW,Adana Demirspor,25,1996,1,1,45,0.5,0,0,0,0,0,0,0,0.00,0.00,0.00,0.00,0.00,Matches
533,Dylan Saint-Louis\94622837,cg CGO,MFFW,Hatayspor,26,1995,35,14,1531,17.0,4,5,4,0,0,2,0,0.24,0.29,0.53,0.24,0.53,Matches
534,Yannis Salibur\bb4a42be,fr FRA,FWMF,Fatih Karagümrük,30,1991,12,3,345,3.8,0,1,0,0,0,2,0,0.00,0.26,0.26,0.00,0.26,Matches
535,Mbwana Samatta\dae8623e,tz TAN,FW,Fenerbahçe,28,1992,3,2,163,1.8,0,0,0,0,0,0,0,0.00,0.00,0.00,0.00,0.00,Matches
536,Nazim Sangaré\3efaa30d,tr TUR,DFMF,Fenerbahçe,27,1994,20,12,1113,12.4,1,2,1,0,0,3,0,0.08,0.16,0.24,0.08,0.24,Matches
537,Younousse Sankharé\c650629d,sn SEN,MF,Giresunspor,31,1989,8,3,331,3.7,0,0,0,0,0,3,0,0.00,0.00,0.00,0.00,0.00,Matches
538,Veysel Sarı\494d18b6,tr TUR,DF,Antalyaspor,33,1988,35,33,2952,32.8,2,1,2,0,0,6,0,0.06,0.03,0.09,0.06,0.09,Matches
539,Yusuf Sari\a2da58b1,tr TUR,MF,Trabzonspor,22,1998,15,1,390,4.3,1,0,1,0,0,0,0,0.23,0.00,0.23,0.23,0.23,Matches
540,Yusuf Sari\a2da58b1,tr TUR,MF,Rizespor,22,1998,13,6,718,8.0,3,2,3,0,0,1,0,0.38,0.25,0.63,0.38,0.63,Matches
541,Efe Sarikaya\f842dd5c,tr TUR,DF,Altay,15,2005,2,1,92,1.0,0,0,0,0,0,0,0,0.00,0.00,0.00,0.00,0.00,Matches
542,Ali Şaşal Vural\cead8fc6,tr TUR,GK,Sivasspor,31,1990,25,25,2250,25.0,0,1,0,0,0,2,0,0.00,0.04,0.04,0.00,0.04,Matches
543,Emre Satılmış\7c6d3a82,tr TUR,GK,Sivasspor,24,1996,1,1,90,1.0,0,0,0,0,0,0,0,0.00,0.00,0.00,0.00,0.00,Matches
544,Enes Savucu\df8571d2,tr TUR,FW,Yeni Mal'spor,17,2004,1,0,13,0.1,0,0,0,0,0,0,0,0.00,0.00,0.00,0.00,0.00,Matches
545,Gökhan Sazdağı\01fed96a,tr TUR,MFFW,Kayserispor,26,1994,24,11,965,10.7,3,0,3,0,0,2,0,0.28,0.00,0.28,0.28,0.28,Matches
546,Ibrahim Šehić\56bf1cc0,ba BIH,GK,Konyaspor,32,1988,37,37,3330,37.0,0,0,0,0,0,7,0,0.00,0.00,0.00,0.00,0.00,Matches
547,Cengizhan Şen\178cfec8,tr TUR,DF,Göztepe,16,2005,1,0,5,0.1,0,0,0,0,0,0,0,0.00,0.00,0.00,0.00,0.00,Matches
548,Muhammed Şengezer\fa71b998,tr TUR,GK,Başakşehir,24,1997,7,7,630,7.0,0,0,0,0,0,1,0,0.00,0.00,0.00,0.00,0.00,Matches
549,Tarkan Serbest\63fe0133,tr TUR,DFMF,Kasımpaşa,27,1994,30,25,2246,25.0,1,1,1,0,0,10,0,0.04,0.04,0.08,0.04,0.08,Matches
550,Cemalil Sertel\b0cc02e2,tr TUR,DF,Rizespor,21,2000,30,26,2235,24.8,1,1,1,0,0,2,0,0.04,0.04,0.08,0.04,0.08,Matches
551,Beykan Şimşek\74e0054d,tr TUR,MF,Göztepe,26,1995,6,1,155,1.7,1,0,1,0,0,0,1,0.58,0.00,0.58,0.58,0.58,Matches
552,Doğukan Sınık\fa027b60,tr TUR,MFFW,Antalyaspor,22,1999,32,29,2287,25.4,3,5,3,0,0,4,0,0.12,0.20,0.31,0.12,0.31,Matches
553,Emmanouil Siopis\36a6f28d,gr GRE,MF,Alanyaspor,27,1994,1,1,90,1.0,0,0,0,0,0,1,0,0.00,0.00,0.00,0.00,0.00,Matches
554,Emmanouil Siopis\36a6f28d,gr GRE,MF,Trabzonspor,27,1994,32,17,1701,18.9,0,1,0,0,0,3,0,0.00,0.05,0.05,0.00,0.05,Matches
555,Guilherme Sityá\8377c51d,pt POR,DF,Konyaspor,31,1990,38,38,3416,38.0,4,5,1,3,3,2,0,0.11,0.13,0.24,0.03,0.16,Matches
556,Nejc Skubic\fd6f2466,si SVN,DF,Konyaspor,32,1989,36,36,3097,34.4,1,3,1,0,0,7,0,0.03,0.09,0.12,0.03,0.12,Matches
557,José Sosa\1eecc0c6,ar ARG,MF,Fenerbahçe,36,1985,19,10,947,10.5,0,2,0,0,0,1,0,0.00,0.19,0.19,0.00,0.19,Matches
558,Josef de Souza\fb6530de,br BRA,MF,Beşiktaş,32,1989,32,29,2607,29.0,5,0,5,0,0,9,1,0.17,0.00,0.17,0.17,0.17,Matches
559,Furkan Soyalp\d740fd7c,tr TUR,MF,Gaziantep FK,26,1995,26,18,1507,16.7,3,3,3,0,0,3,0,0.18,0.18,0.36,0.18,0.36,Matches
560,Uroš Spajić\02ce2030,rs SRB,DF,Kasımpaşa,28,1993,8,6,593,6.6,0,1,0,0,0,3,0,0.00,0.15,0.15,0.00,0.15,Matches
561,Benjamin Stambouli\5939baa2,fr FRA,MF,Adana Demirspor,30,1990,32,29,2443,27.1,2,3,2,0,0,4,0,0.07,0.11,0.18,0.07,0.18,Matches
562,Luka Stankovski\9c202f15,mk MKD,MF,Gaziantep FK,18,2002,4,1,86,1.0,1,0,1,0,0,0,0,1.05,0.00,1.05,1.05,1.05,Matches
563,Magomed-Shapi Suleymanov\d94653be,ru RUS,MF,Giresunspor,21,1999,31,22,2004,22.3,3,1,3,0,0,4,0,0.13,0.04,0.18,0.13,0.18,Matches
564,Jonas Svensson\deb20131,no NOR,DF,Adana Demirspor,28,1993,33,33,2894,32.2,0,2,0,0,0,4,0,0.00,0.06,0.06,0.00,0.06,Matches
565,Attila Szalai\50ff205b,hu HUN,DF,Fenerbahçe,23,1998,31,24,2232,24.8,1,2,1,0,0,6,0,0.04,0.08,0.12,0.04,0.12,Matches
566,Ravil Tagir\4d80d692,tr TUR,DF,Başakşehir,18,2003,7,7,561,6.2,0,0,0,0,0,0,0,0.00,0.00,0.00,0.00,0.00,Matches
567,Emirhan Tak\7fc04973,tr TUR,FW,Sivasspor,18,2003,1,0,30,0.3,0,0,0,0,0,0,0,0.00,0.00,0.00,0.00,0.00,Matches
568,Tayyib Talha Sanuç\7d4f9ee6,tr TUR,DF,Adana Demirspor,21,1999,26,23,2064,22.9,1,1,1,0,0,3,0,0.04,0.04,0.09,0.04,0.09,Matches
569,Yusuf Talum\77350aac,tr TUR,MF,Göztepe,19,2001,1,0,1,0.0,0,0,0,0,0,0,0,0.00,0.00,0.00,0.00,0.00,Matches
570,Umut Tanis\45f02843,tr TUR,MF,Yeni Mal'spor,17,2004,6,2,196,2.2,0,0,0,0,0,0,0,0.00,0.00,0.00,0.00,0.00,Matches
571,Oussama Tannane\730bd100,ma MAR,FWMF,Göztepe,27,1994,5,3,234,2.6,0,0,0,0,0,0,0,0.00,0.00,0.00,0.00,0.00,Matches
572,Emre Taşdemir\895a2119,tr TUR,DFMF,Giresunspor,25,1995,18,4,456,5.1,0,0,0,0,0,1,0,0.00,0.00,0.00,0.00,0.00,Matches
573,Ertuğrul Taşkıran\cf8c553e,tr TUR,GK,Kasımpaşa,31,1989,27,27,2361,26.2,0,0,0,0,0,3,0,0.00,0.00,0.00,0.00,0.00,Matches
574,Efe Tatlı\cccb08b3,tr TUR,MF,Fatih Karagümrük,19,2002,6,3,297,3.3,0,1,0,0,0,1,0,0.00,0.30,0.30,0.00,0.30,Matches
575,Efe Tecimer\9e2d0679,tr TUR,FW,Rizespor,18,2003,3,0,36,0.4,0,0,0,0,0,0,0,0.00,0.00,0.00,0.00,0.00,Matches
576,Alex Teixeira\ae530c73,br BRA,MFFW,Beşiktaş,31,1990,24,15,1242,13.8,4,1,4,0,0,3,0,0.29,0.07,0.36,0.29,0.36,Matches
577,Mahmut Tekdemir\bfe272bd,tr TUR,MF,Başakşehir,33,1988,25,24,2020,22.4,3,1,3,0,0,4,0,0.13,0.04,0.18,0.13,0.18,Matches
578,Harun Tekin\5640992b,tr TUR,GK,Kasımpaşa,32,1989,9,8,789,8.8,0,0,0,0,0,0,0,0.00,0.00,0.00,0.00,0.00,Matches
579,Selimcan Temel\d890e9bd,tr TUR,DF,Hatayspor,21,2000,7,0,122,1.4,0,0,0,0,0,1,0,0.00,0.00,0.00,0.00,0.00,Matches
580,Benjamin Tetteh\91f04b44,gh GHA,FW,Yeni Mal'spor,24,1997,26,23,1995,22.2,7,2,7,0,0,4,0,0.32,0.09,0.41,0.32,0.41,Matches
581,Thaciano\139113e4,br BRA,MFDF,Altay,26,1995,28,19,1712,19.0,3,1,3,0,1,4,0,0.16,0.05,0.21,0.16,0.21,Matches
582,Khaly Thiam\b12ccce7,sn SEN,DFMF,Altay,27,1994,30,26,2336,26.0,1,1,1,0,0,7,1,0.04,0.04,0.08,0.04,0.08,Matches
583,David Tijanić\6acda5fe,si SVN,MFFW,Göztepe,24,1997,33,15,1622,18.0,4,0,4,0,1,0,0,0.22,0.00,0.22,0.22,0.22,Matches
584,Mickaël Tirpan\43156df9,be BEL,DFMF,Kasımpaşa,27,1993,1,0,5,0.1,0,0,0,0,0,0,0,0.00,0.00,0.00,0.00,0.00,Matches
585,Marcel Tisserand\45954ec7,cd COD,DF,Fenerbahçe,28,1993,19,15,1375,15.3,0,0,0,0,0,5,1,0.00,0.00,0.00,0.00,0.00,Matches
586,Dorukhan Toköz\c9bdb329,tr TUR,DFMF,Trabzonspor,25,1996,29,23,2109,23.4,2,2,2,0,0,2,0,0.09,0.09,0.17,0.09,0.17,Matches
587,Mehmet Topal\f93c876b,tr TUR,DF,Beşiktaş,35,1986,7,1,129,1.4,0,0,0,0,0,1,0,0.00,0.00,0.00,0.00,0.00,Matches
588,Cihan Topaloğlu\f25616d7,tr TUR,GK,Altay,29,1992,3,3,270,3.0,0,0,0,0,0,0,0,0.00,0.00,0.00,0.00,0.00,Matches
589,Emir Topçu\1828145a,tr TUR,DF,Rizespor,20,2000,12,9,843,9.4,0,0,0,0,0,2,0,0.00,0.00,0.00,0.00,0.00,Matches
590,Yunus Toplu\7ee14fdb,tr TUR,DF,Göztepe,16,2005,1,0,1,0.0,0,0,0,0,0,0,0,0.00,0.00,0.00,0.00,0.00,Matches
591,Gökhan Töre\51960957,tr TUR,MF,Beşiktaş,29,1992,12,2,262,2.9,0,0,0,0,0,0,0,0.00,0.00,0.00,0.00,0.00,Matches
592,Tunay Torun\d46ce637,tr TUR,FW,Fatih Karagümrük,31,1990,12,3,322,3.6,0,1,0,0,0,4,0,0.00,0.28,0.28,0.00,0.28,Matches
593,Tunay Torun\d46ce637,tr TUR,MF,Kasımpaşa,31,1990,9,1,118,1.3,0,1,0,0,0,1,0,0.00,0.76,0.76,0.00,0.76,Matches
594,Alin Toșca\322ba2df,ro ROU,DF,Gaziantep FK,29,1992,31,30,2641,29.3,0,0,0,0,0,4,0,0.00,0.00,0.00,0.00,0.00,Matches
595,Abdoulaye Touré\ef7cd87a,fr FRA,MF,Fatih Karagümrük,27,1994,10,6,431,4.8,0,1,0,0,0,0,0,0.00,0.21,0.21,0.00,0.21,Matches
596,Adama Traoré\1a6f2a66,ml MLI,MF,Hatayspor,26,1995,17,15,1295,14.4,1,3,1,0,0,4,0,0.07,0.21,0.28,0.07,0.28,Matches
597,Hamidou Traoré\6e2b12b5,ml MLI,MF,Giresunspor,24,1996,32,29,2442,27.1,2,2,2,0,0,5,1,0.07,0.07,0.15,0.07,0.15,Matches
598,Michal Trávník\f301f363,cz CZE,MF,Kasımpaşa,27,1994,29,17,1729,19.2,3,2,3,0,0,9,0,0.16,0.10,0.26,0.16,0.26,Matches
599,Trézéguet\3ae14ed1,eg EGY,MF,Başakşehir,26,1994,13,13,1033,11.5,6,3,6,0,0,1,0,0.52,0.26,0.78,0.52,0.78,Matches
600,Anders Trondsen\438ae11e,no NOR,DF,Trabzonspor,26,1995,11,7,618,6.9,0,0,0,0,0,1,0,0.00,0.00,0.00,0.00,0.00,Matches
601,Ozan Tufan\17d45fb2,tr TUR,DF,Fenerbahçe,26,1995,6,2,174,1.9,0,0,0,0,0,0,0,0.00,0.00,0.00,0.00,0.00,Matches
602,Arda Turan\017ab4d4,tr TUR,FWMF,Galatasaray,34,1987,7,0,74,0.8,0,0,0,0,0,0,0,0.00,0.00,0.00,0.00,0.00,Matches
603,Yusuf Türk\bcffc434,tr TUR,MF,Gaziantep FK,23,1998,2,0,44,0.5,0,0,0,0,0,1,0,0.00,0.00,0.00,0.00,0.00,Matches
604,Hüseyin Türkmen\3fa66cb2,tr TUR,DF,Trabzonspor,23,1998,13,9,699,7.8,0,1,0,0,0,6,1,0.00,0.13,0.13,0.00,0.13,Matches
605,Deniz Turuc\ed140063,tr TUR,MF,Başakşehir,28,1993,33,20,1912,21.2,6,1,5,1,1,6,0,0.28,0.05,0.33,0.24,0.28,Matches
606,Hüsamettin Tut\238c89e5,tr TUR,DF,Giresunspor,30,1991,1,1,44,0.5,0,0,0,0,0,0,1,0.00,0.00,0.00,0.00,0.00,Matches
607,Salih Uçan\fe154b26,tr TUR,MF,Beşiktaş,27,1994,10,5,441,4.9,0,0,0,0,0,3,1,0.00,0.00,0.00,0.00,0.00,Matches
608,Salih Uçan\fe154b26,tr TUR,MF,Başakşehir,27,1994,11,2,292,3.2,0,0,0,0,0,2,0,0.00,0.00,0.00,0.00,0.00,Matches
609,Adnan Ugur\f6110f10,be BEL,MF,Fatih Karagümrük,20,2001,24,13,1173,13.0,1,0,1,0,0,5,0,0.08,0.00,0.08,0.08,0.08,Matches
610,Yigit Ulas\b7a53efc,tr TUR,MF,Yeni Mal'spor,17,2004,3,1,137,1.5,0,0,0,0,0,0,0,0.00,0.00,0.00,0.00,0.00,Matches
611,Oğulcan Ülgün\4a083f3f,tr TUR,MF,Konyaspor,23,1998,22,6,665,7.4,1,1,1,0,0,3,0,0.14,0.14,0.27,0.14,0.27,Matches
612,Alper Uludağ\72944e76,tr TUR,DFFW,Konyaspor,30,1990,3,0,10,0.1,0,0,0,0,0,0,0,0.00,0.00,0.00,0.00,0.00,Matches
613,Alper Uludağ\72944e76,tr TUR,DF,Adana Demirspor,30,1990,13,5,509,5.7,0,0,0,0,0,3,0,0.00,0.00,0.00,0.00,0.00,Matches
614,Fredrik Ulvestad\8f160d73,no NOR,MF,Sivasspor,29,1992,16,11,962,10.7,2,1,2,0,0,2,0,0.19,0.09,0.28,0.19,0.28,Matches
615,Aminu Umar\1f1a71da,ng NGA,MF,Rizespor,26,1995,26,14,1358,15.1,1,1,1,0,0,3,0,0.07,0.07,0.13,0.07,0.13,Matches
616,Metehan Ünal\b83cd815,tr TUR,MF,Yeni Mal'spor,17,2003,1,0,22,0.2,0,0,0,0,0,0,0,0.00,0.00,0.00,0.00,0.00,Matches
617,Tolga Ünlü\1bc40c57,tr TUR,DF,Altay,31,1989,12,8,758,8.4,0,0,0,0,0,1,0,0.00,0.00,0.00,0.00,0.00,Matches
618,Güvenc Usta\0338e7f3,tr TUR,FW,Rizespor,17,2004,1,0,28,0.3,0,0,0,0,0,0,0,0.00,0.00,0.00,0.00,0.00,Matches
619,Necip Uysal\2f7af524,tr TUR,DFMF,Beşiktaş,30,1991,27,18,1556,17.3,0,1,0,0,0,2,1,0.00,0.06,0.06,0.00,0.06,Matches
620,Anthony Uzodimma\1454b40e,ng NGA,MF,Kayserispor,22,1999,3,2,140,1.6,0,0,0,0,0,0,0,0.00,0.00,0.00,0.00,0.00,Matches
621,Enner Valencia\fb485406,ec ECU,FWMF,Fenerbahçe,31,1989,25,9,1086,12.1,7,6,6,1,1,1,0,0.58,0.50,1.08,0.50,0.99,Matches
622,Kevin Varga\4cfa6547,hu HUN,MF,Kasımpaşa,25,1996,14,6,589,6.5,1,0,1,0,0,1,0,0.15,0.00,0.15,0.15,0.15,Matches
623,Matías Vargas\ce82f116,ar ARG,MF,Adana Demirspor,24,1997,36,30,2500,27.8,5,12,5,0,0,1,0,0.18,0.43,0.61,0.18,0.61,Matches
624,Amedej Vetrih\31579390,si SVN,MFDF,Gaziantep FK,30,1990,13,9,787,8.7,0,0,0,0,0,2,0,0.00,0.00,0.00,0.00,0.00,Matches
625,Domagoj Vida\3f359b33,hr CRO,DF,Beşiktaş,32,1989,28,28,2392,26.6,1,0,1,0,0,6,0,0.04,0.00,0.04,0.04,0.04,Matches
626,Edin Višća\da1185fc,ba BIH,MF,Başakşehir,31,1990,18,16,1437,16.0,4,8,3,1,1,1,0,0.25,0.50,0.75,0.19,0.69,Matches
627,Edin Višća\da1185fc,ba BIH,MF,Trabzonspor,31,1990,18,17,1518,16.9,5,4,5,0,0,2,0,0.30,0.24,0.53,0.30,0.53,Matches
628,Emiliano Viviano\03760df0,it ITA,GK,Fatih Karagümrük,35,1985,38,38,3420,38.0,0,0,0,0,0,2,0,0.00,0.00,0.00,0.00,0.00,Matches
629,Güray Vural\26b3d752,tr TUR,DFMF,Antalyaspor,33,1988,36,36,3235,35.9,1,6,1,0,0,8,1,0.03,0.17,0.19,0.03,0.19,Matches
630,Wallace\d61b3354,br BRA,DF,Yeni Mal'spor,26,1994,18,18,1581,17.6,0,0,0,0,0,3,0,0.00,0.00,0.00,0.00,0.00,Matches
631,Welinton\292f1130,br BRA,DF,Beşiktaş,32,1989,23,20,1779,19.8,0,0,0,0,0,10,0,0.00,0.00,0.00,0.00,0.00,Matches
632,Haji Wright\91cd37b7,us USA,FW,Antalyaspor,23,1998,32,21,1895,21.1,14,2,11,3,3,2,0,0.66,0.09,0.76,0.52,0.62,Matches
633,Güven Yalçın\7f5a2470,tr TUR,MFFW,Beşiktaş,22,1999,30,10,974,10.8,6,3,6,0,0,3,0,0.55,0.28,0.83,0.55,0.83,Matches
634,Berat Yaman\b9361e2e,tr TUR,DF,Yeni Mal'spor,18,2002,3,1,113,1.3,0,0,0,0,0,0,0,0.00,0.00,0.00,0.00,0.00,Matches
635,Mert Yandaş\6510079f,tr TUR,MF,Fenerbahçe,26,1994,24,16,1427,15.9,0,9,0,0,0,9,0,0.00,0.57,0.57,0.00,0.57,Matches
636,Barış Yardımcı\3cb1eee3,tr TUR,DF,Konyaspor,28,1992,10,2,282,3.1,0,0,0,0,0,0,0,0.00,0.00,0.00,0.00,0.00,Matches
637,Erencan Yardimci\b7481dc0,tr TUR,FW,Alanyaspor,19,2002,3,0,30,0.3,1,0,1,0,0,0,0,3.00,0.00,3.00,3.00,3.00,Matches
638,Erşan Yaşa\c9f888f7,tr TUR,DF,Yeni Mal'spor,20,2000,1,0,7,0.1,0,0,0,0,0,0,0,0.00,0.00,0.00,0.00,0.00,Matches
639,Karahan Yasir Subaşı\d05b527e,tr TUR,DF,Kayserispor,25,1996,15,8,763,8.5,0,1,0,0,0,2,0,0.00,0.12,0.12,0.00,0.12,Matches
640,Ahmed Yasser Rayan\70477206,eg EGY,FWMF,Altay,23,1998,26,9,842,9.4,5,1,4,1,1,4,0,0.53,0.11,0.64,0.43,0.53,Matches
641,Mustapha Yatabaré\398dc4f4,ml MLI,FW,Sivasspor,35,1986,33,24,2111,23.5,10,2,10,0,0,6,1,0.43,0.09,0.51,0.43,0.51,Matches
642,Zeki Yavru\bf95671d,tr TUR,DFMF,Giresunspor,29,1991,31,29,2596,28.8,0,2,0,0,0,6,0,0.00,0.07,0.07,0.00,0.07,Matches
643,Uğurcan Yazgılı\0caa0427,tr TUR,DF,Konyaspor,22,1999,3,1,102,1.1,0,0,0,0,0,0,0,0.00,0.00,0.00,0.00,0.00,Matches
644,DeAndre Yedlin\ae0a7ddf,us USA,DF,Galatasaray,28,1993,16,15,1296,14.4,0,0,0,0,0,3,0,0.00,0.00,0.00,0.00,0.00,Matches
645,Erdoğan Yeşilyurt\5136940a,tr TUR,MFDF,Sivasspor,27,1993,33,20,2003,22.3,1,3,1,0,0,7,0,0.04,0.13,0.18,0.04,0.18,Matches
646,Abdullah Yiğiter\a0771e14,tr TUR,GK,Hatayspor,21,2000,4,4,360,4.0,0,0,0,0,0,0,0,0.00,0.00,0.00,0.00,0.00,Matches
647,Özkan Yiğiter\cfc582f9,tr TUR,MF,Sivasspor,21,2000,12,5,419,4.7,0,0,0,0,0,1,0,0.00,0.00,0.00,0.00,0.00,Matches
648,Muammer Yıldırım\20509d27,tr TUR,GK,Sivasspor,30,1990,12,12,1080,12.0,0,0,0,0,0,1,0,0.00,0.00,0.00,0.00,0.00,Matches
649,Zeki Yıldırım\2bdfe266,tr TUR,MF,Altay,30,1991,28,18,1632,18.1,0,1,0,0,0,6,0,0.00,0.06,0.06,0.00,0.06,Matches
650,Ahmet Yılmaz Çalık\e0d3ce9d,tr TUR,DF,Konyaspor,27,1994,18,18,1610,17.9,0,0,0,0,0,5,1,0.00,0.00,0.00,0.00,0.00,Matches
651,Fatih Yılmaz\2e65225f,tr TUR,DF,Giresunspor,19,2002,1,1,90,1.0,0,0,0,0,0,0,0,0.00,0.00,0.00,0.00,0.00,Matches
652,Kaan Yılmaz\74295d63,tr TUR,FW,Giresunspor,17,2004,1,0,1,0.0,0,0,0,0,0,0,0,0.00,0.00,0.00,0.00,0.00,Matches
653,Rıdvan Yılmaz\94721522,tr TUR,DFMF,Beşiktaş,20,2001,27,23,2040,22.7,3,4,3,0,0,4,0,0.13,0.18,0.31,0.13,0.31,Matches
654,Sefa Yılmaz\cbabde2c,tr TUR,MFFW,Sivasspor,31,1990,22,3,453,5.0,0,0,0,0,0,1,0,0.00,0.00,0.00,0.00,0.00,Matches
655,Miha Zajc\83e4643e,si SVN,MF,Fenerbahçe,27,1994,32,25,2213,24.6,9,1,9,0,0,4,0,0.37,0.04,0.41,0.37,0.41,Matches
656,Mehdi Zeffane\c8c02ac7,dz ALG,DF,Yeni Mal'spor,29,1992,9,9,810,9.0,0,1,0,0,0,1,0,0.00,0.11,0.11,0.00,0.11,Matches
657,Ersin Zehir\b9c7c1b1,de GER,MF,Antalyaspor,23,1998,2,0,31,0.3,0,0,0,0,0,1,0,0.00,0.00,0.00,0.00,0.00,Matches
658,İsmail Zehir\30d6ae27,tr TUR,MF,Alanyaspor,18,2003,1,0,16,0.2,0,0,0,0,0,0,0,0.00,0.00,0.00,0.00,0.00,Matches
659,Ulaş Zengin\3ccd8765,tr TUR,DF,Gaziantep FK,24,1997,1,1,62,0.7,0,0,0,0,0,0,0,0.00,0.00,0.00,0.00,0.00,Matches
660,Ervin Zukanović\1253a12e,ba BIH,DF,Fatih Karagümrük,34,1987,21,20,1787,19.9,0,1,0,0,0,6,1,0.00,0.05,0.05,0.00,0.05,Matches
661,Peter Žulj\03289817,at AUT,MF,Başakşehir,28,1993,7,2,185,2.1,0,0,0,0,0,0,0,0.00,0.00,0.00,0.00,0.00,Matches
662,Damjan Đoković\0ac893aa,hr CRO,MF,Adana Demirspor,31,1990,8,1,258,2.9,0,0,0,0,0,0,0,0.00,0.00,0.00,0.00,0.00,Matches
663,Damjan Đoković\0ac893aa,hr CRO,MF,Rizespor,31,1990,22,18,1476,16.4,4,0,1,3,3,1,0,0.24,0.00,0.24,0.06,0.06,Matches